0,1,#腾讯中午的辣椒酱突然不香了##3人伪造老干妈印章与腾讯签合同# 【一瓶老干妈】淼哥读大学的时候，吃老干妈辣酱绝对是身份和地位的象征。开一瓶，不吃上一个学期不罢休，困了累了来一粒，平时锁在柜子里。        那时候大家都没什么闲钱，男生追女孩子，为显诚意是请吃麦当劳，记得甜筒刚出来的时候，一块钱一个。        现在想着请女孩子吃麦当劳？估计这辈子就只能撸管了。? ? ? ? ?曾经的淼哥，勒紧裤腰带攒下每一个铜板，担心明天就会来一场大的动荡。节衣缩食、衣着褴褛，盗版碟都舍不得买一张，闻着老干妈辣酱的味道下饭，过节的时候才挑出一坨解解馋。         舍不得花钱，这是淼哥猥琐的缘由。身材矮小，面黄肌瘦，外加顶着向左偏分的鸡窝头，一般女生都掩鼻疾去，枉费淼哥满腹的经纶呀！         此去经年，还是同样的配方，还是同样的价格。老干妈9块8毛钱一瓶，照平时一餐二十块钱起难吃的盒饭比，完全是业界良心。         只不过，陪在你身边那个嘴唇上有一圈细绒绒胡子的女孩，早已失去了联系，当年躲在自习室写的情书，早已埋在了土里。         欧漏，淼哥的青春一去不复返，引以为豪的黄瓜，被岁月折磨成了一条煮过的豆芽。         2020，没有等来爱你爱你的人，只等来一场又一场的灾难，时代的一粒灰，落在一个人的身上便是一座山。          如若放在平时，淼哥肯定不会舍得淼哥转售这半瓶老干妈，现在是真的遇到困难了。? ? ? ? ?去年8月初才买的，吃了一半，里边还有很多牛肉、豆豉，没咋舍得吃，平常吃完一直放在冰箱里，吃完就拧上盖，外表九成新，量很足，包行货，假一罚万。? ? ? ? ?就米饭，真的很好吃，平常小半勺子就能送两碗饭（没其他菜），炒菜放一两粒提味添香，男女咸宜。        迫不得已，非诚勿扰。        顺便问问，有谁能帮淼哥找老干妈申请一下广告费吗？打这么多字，右手中指痛，树起来都困难。       对了，淼哥读书少，但是不傻，合同签名一定要签“陶华碧”，谁签“老干妈”淼哥跟谁急。
1,1,#腾讯中午的辣椒酱突然不香了##3人伪造老干妈印章与腾讯签合同# 【一瓶老干妈】淼哥读大学的时候，吃老干妈辣酱绝对是身份和地位的象征。开一瓶，不吃上一个学期不罢休，困了累了来一粒，平时锁在柜子里。        那时候大家都没什么闲钱，男生追女孩子，为显诚意是请吃麦当劳，记得甜筒刚出来的时候，一块钱一个。        现在想着请女孩子吃麦当劳？估计这辈子就只能撸管了。? ? ? ? ?曾经的淼哥，勒紧裤腰带攒下每一个铜板，担心明天就会来一场大的动荡。节衣缩食、衣着褴褛，盗版碟都舍不得买一张，闻着老干妈辣酱的味道下饭，过节的时候才挑出一坨解解馋。         舍不得花钱，这是淼哥猥琐的缘由。身材矮小，面黄肌瘦，外加顶着向左偏分的鸡窝头，一般女生都掩鼻疾去，枉费淼哥满腹的经纶呀！         此去经年，还是同样的配方，还是同样的价格。老干妈9块8毛钱一瓶，照平时一餐二十块钱起难吃的盒饭比，完全是业界良心。         只不过，陪在你身边那个嘴唇上有一圈细绒绒胡子的女孩，早已失去了联系，当年躲在自习室写的情书，早已埋在了土里。         欧漏，淼哥的青春一去不复返，引以为豪的黄瓜，被岁月折磨成了一条煮过的豆芽。         2020，没有等来爱你爱你的人，只等来一场又一场的灾难，时代的一粒灰，落在一个人的身上便是一座山。          如若放在平时，淼哥肯定不会舍得转售这半瓶老干妈，现在是真的遇到困难了。? ? ? ? ?去年8月初才买的，吃了一半，里边还有很多牛肉、豆豉，没咋舍得吃，平常吃完一直放在冰箱里，吃完就拧上盖，外表九成新，量很足，包行货，假一罚万。? ? ? ? ?就米饭，真的很好吃，平常小半勺子就能送两碗饭（没其他菜），炒菜放一两粒提味添香，男女咸宜。        迫不得已，非诚勿扰。        顺便问问，有谁能帮淼哥找老干妈申请一下广告费吗？打这么多字，右手中指痛，树起来都困难。       对了，淼哥读书少，但是不傻，合同签名一定要签“陶华碧”，谁签“老干妈”淼哥跟谁急。
2,1,#腾讯回应被骗# #老干妈回应称腾讯被骗了# #3人伪造老干妈印章与腾讯签合同#草蛇灰线，伏脉于千里之外。
3,1,#3人伪造老干妈印章与腾讯签合同#草蛇灰线，伏脉于千里之外。 ??
4,1,//@逸轩harmony:“总裁，老干妈资产已经申请查封了，已经在热搜晾了一天了！” “她认错了吗？” “她说我们认错人了。” 
5,1,//@Will今天好好学习了没:如果从不当得利的角度呢? 
6,1,//@今天是一只肥柴:你会在网吧用手机玩QQ飞车手游吃老干妈吗[笑cry][允悲] 
7,1,//@风韵犹存的老富婆:老干妈:腾讯做慈善呢？莫名其妙[笑cry] 
8,1,节后余生[羞嗒嗒][羞嗒嗒][羞嗒嗒] 
9,1,#老干妈店铺重新上架1000瓶辣椒酱##老干妈称上架1000瓶辣椒酱与其无关# 继腾讯发出1000瓶老干妈全网寻骗子后，老干妈迅速在老干妈上架1000瓶大客户组合装辣椒酱，疑似回怼腾讯。千瓶辣椒酱一度售罄，老干妈专门发公告表示：千元套餐只是促销，并无他意，在晚上的淘宝直播里重新上架，并霸气称白送辣椒酱，网友在直播间催快快上链接，1000瓶辣椒酱被秒抢。这次腾讯和老干妈事件，你站谁呢？[羞嗒嗒]
10,1,#3人伪造老干妈印章与腾讯签合同#【#老干妈回应被腾讯起诉#：与腾讯没有任何合作，他们被骗了 [费解]】有关腾讯起诉贵州#老干妈#并要求法院冻结后者千万资产等事宜，今天下午，老干妈公司相关负责人回应第一财经记者表示，并没有与腾讯有任何的合作。关于此事，老干妈公司认为，腾讯公司被骗了！老干妈公司已经向警方报案，稍晚会发布声明。#腾讯回应起诉老干妈#http://t.cn/A6yvxfSk http://t.cn/RcgZw8A新泰市
11,1,#腾讯中午的辣椒酱突然不香了#腾讯：我就是那个吃了假辣椒酱的憨憨企鹅 [吃瓜] #腾讯中午的辣椒酱突然不香了##百度搜索 手里的瓜突然不香了##腾讯回应被骗##3人伪造老干妈印章与腾讯签合同#http://t.cn/A6yheQ0m ? http://t.cn/RcgZw8A ??新泰市
12,1,#3人伪造老干妈印章与腾讯签合同#【#老干妈回应被腾讯起诉#：与腾讯没有任何合作，他们被骗了 [费解]】有关腾讯起诉贵州#老干妈#并要求法院冻结后者千万资产等事宜，今天下午，老干妈公司相关负责人回应第一财经记者表示，并没有与腾讯有任何的合作。关于此事，老干妈公司认为，腾讯公司被骗了！老干妈公司已经向警方报案，稍晚会发布声明。#腾讯回应起诉老干妈#http://t.cn/A6yvxfSk http://t.cn/RcgZw8A新泰市
13,1,#3人伪造老干妈印章与腾讯签合同#打官司之前不打打电话确实也不发律师函，这可能是企鹅历史上最羞愧的一幕！[酷] http://t.cn/Rz1n8oN ??西安·电子城
14,1,#3人伪造老干妈印章与腾讯签合同#打官司之前既不打电话确认，也没有发律师函，而是直接申请财产保全，人家差这点推广费？腾讯的内部管理可见一斑，这可能是企鹅历史上最羞愧的一幕！但最为老干妈一方，享受一次震惊全国的免费超级推广大礼包！[酷] http://t.cn/Rz1n8oN西安·电子城
15,1,#3人伪造老干妈印章与腾讯签合同#打官司之前不打电话确实也没有发律师函，直接申请财产保全，这可能是企鹅历史上最羞愧的一幕！最后，老干妈享受一次震惊全国的免费超级推广大礼包！[酷] http://t.cn/Rz1n8oN西安·电子城
16,1,【饭后吃哪种瓜好呢】#律师称李子柒维权难度较大##3人伪造老干妈印章与腾讯签合同# http://t.cn/A6yh1YG7 ??
17,1,转发微博 
18,1,转发微博 
19,1,转发微博 
20,1,【贵阳警方：#3人伪造老干妈印章与腾讯签合同# 被刑拘】日前，腾讯状告老干妈欠广告费，老干妈称腾讯遭遇诈骗。7月1日，贵阳公安双龙分局通报，3人伪造老干妈公司印章，冒充该公司市场经营部经理与腾讯签订合作协议，目前3人已被刑拘。 ?  你怎么看？#艺考[超话]# #福建播音艺考# #即兴评述# #播音主持艺考# #即评素材# #即兴评述每日一练#
21,1,时评：【人民日报评直播营销：是信任营销，不是“一锤子买卖”】#艺考[超话]# #福建播音艺考# #即兴评述# #播音主持艺考# #即兴评述每日一练直播带货有了“行规”。不久前，中国广告协会发布并实施《网络直播营销行为规范》。这将进一步规范网络直播营销活动，为营造良好市场环境、促进网络直播营销业态健康发展，提供了制度保障。近年来，网络直播在一定程度上拓宽了商品营销渠道，带动了直播经济。从最初卖食品、日用品，到如今卖房子、汽车等，再到地方干部直播带货卖当地农产品，网络直播营销方兴未艾。有数据显示，2019年中国直播电商行业的总规模达到4338亿元，预计2020年市场规模将突破9000亿元。可以说，直播营销便利了生活，增加了就业，带来了商机，活跃了经济。直播营销趋热的同时，也存在着一些消费陷阱，损害了消费者权益，也影响到自身健康发展。比如，有些商家夸大其词，消费者收到商品后才发现，名品变赝品、好货变水货、价廉不物美；消费者遇到产品质量问题，售后服务却跟不上；有的直播平台或主播为制造“火热假象”，不惜制造虚假数据、泡沫流量。中消协的统计数据显示，37.3%的受访者在直播购物中遇到过消费问题。保质保量、诚信经营，保障消费者权益，是直播营销必须坚守的底线。无论技术如何迭代、渠道如何更新，直播营销仍是市场营销行为，都应坚持诚信经营的价值取向。正因如此，此次发布的《规范》明确规定，“应当全面、真实、准确地披露商品或者服务信息”“严格履行产品责任，严把直播产品和服务质量关”“依法依约积极兑现售后承诺”。直播营销越是红火，越应该筑牢诚信经营的基石。对此，各方应该凝聚合力，共同治理。比如，直播平台要加强内容审核力度、完善诚信评价机制；相关监管部门要严厉打击虚假营销行为，提高侵权成本。直播营销不是“一锤子买卖”，更加重口碑、重质量，输出正能量，才能实现长远发展。直播营销某种意义上是信任营销，呵护信任至关重要。在很多直播营销中，之所以出现“秒光”现象，一个重要原因在于消费者对主播的信任，而这种信任的建立非一日之功，是长期培育的结果。有调研显示，消费者从直播间购买的产品如果出现一次质量问题，信心立即受损，如果多次遭遇质量问题，消费者将放弃关注。这提醒人们，直播营销要赢得消费者持久青睐，重在建立与消费者稳固的信任关系。从这个角度看，直播营销只有以信任为纽带，充分理顺平台、主播、商家、消费者之间的关系，才能持续激发市场活力。直播营销健康发展，需要各方力量参与其中，明规范、建制度、立规矩，才能让消费者充分享受互联网红利，为直播经济赢得未来。
22,1,转发 
23,1,转发 
24,1,转发 
25,1,[打call] 
26,1,[赞] 
27,1,[打call][打call] 
28,1,[打call] 
29,1,[赞][赞][赞] 
30,1,[赞][赞] 
31,1,[大侦探皮卡丘微笑] 
32,1,[大侦探皮卡丘微笑][大侦探皮卡丘微笑] 
33,1,[话筒][话筒] 
34,1,//@炊烟袅袅扬起:我的妈，要笑死了，小企鹅，你也有今天啊，哈哈哈哈哈哈哈哈哈哈哈哈哈哈哈，有生之年腾讯被人白嫖了，哈哈哈哈哈哈啊哈哈哈哈哈哈还 
35,1,//@敖子逸的正牌麻麻:拜托。搞清楚，腾讯自己的广告部门在百度搜索引擎上找业务误入诈骗网站，这也能扯上“挡枪”？最多腾讯和百度两边再去掐，反正跟老干妈没关系，现在找业务还用百度搜索？大学生找工作都不这么找了好吗！腾讯自己的也要反省下。//@白云深处有烟火:又见挡枪事件，我比较好奇腾讯的 
36,1,//@DianaYD:腾讯这次，………，人才………哈哈哈哈哈哈哈…… 
37,1,//@Girl_Robot:骗子也让骗子给骗了[doge] 
38,1,//@草野不正宗1:那南山法院如何凭借假合同就裁定冻结对方企业账户了呢？[疑问] 
39,1,//@SAGE-LZH:大公司用合同章都有登记用途时间，什么时候使用，什么时候归还都明确，比较严格。没被登记的，不承认。//@睡上铺的我我我:公章真假怎么判定？ 
40,1,//@Believe林雨:南山法院脸红不，事实不清就随意冻结企业资产，连被告身份都没搞清楚。腾讯和自家法院丢人丢大了//@我滴爸爸:哈哈哈，腾讯这次玩的笑死我了，打官司没输过的腾讯这败给老干妈了[允悲] 
41,1,//@过儿童节:关老干妈什么事？无辜被踩还要强调老干妈占了便宜，不要碧莲，不愧是?系，就像某艺人粉丝网暴别人，然后艺人团队再报假警出警到人家家里，然后在党的生日前一天买通宵热搜说是帮人家维权，呕//@我滴爸爸:哈哈哈，腾讯这次玩的笑死我了，打官司没输过的腾讯这败给老干妈了[允悲] 
42,1,//@本地化的小文:是败给了百度。//@我滴爸爸:哈哈哈，腾讯这次玩的笑死我了，打官司没输过的腾讯这败给老干妈了[允悲] 
43,1,其目的是为了赠送腾讯游戏礼包码[疑问][疑问][疑问][疑问][疑问][疑问][疑问]啥？ 
44,1,转发微博 
45,1,//@不闹人的九儿:还有个憨憨法院也不审查下材料，把老干妈资产冻结了。。//@祖宗:腾讯找了个假老干妈签广告，然后假老干妈没付钱，腾讯错把真老干妈告了，老干妈报警了[doge] 
46,1,鹅干酱……//@不信人间可白头:老干妈可以出个鹅味辣酱吗？//@祖宗:腾讯找了个假老干妈签广告，然后假老干妈没付钱，腾讯错把真老干妈告了，老干妈报警了[doge] 
47,1,鹅肝酱[疑问]//@不信人间可白头:老干妈可以出个鹅味辣酱吗？//@祖宗:腾讯找了个假老干妈签广告，然后假老干妈没付钱，腾讯错把真老干妈告了，老干妈报警了[doge] 
48,1,转发微博 
49,1,Repost 
50,1,//@e222e2:杨超越演技真好。。。//@95FU-:ycy之前在去国外旅游团综上哭着要吃老干妈和米饭啥的，我还真情实感以为她吃不惯！ 
51,1,我参与了@新浪科技 发起的投票【3人伪造老干妈印章与腾讯签合同，你怎么看？】，我投给了“这个剧情走向令我震惊”这个选项，你也快来表态吧~ 
52,1,//@不可排竹:鲁豫：“我不信”哈哈哈哈哈哈哈哈哈哈哈哈哈哈哈哈哈哈哈哈哈哈 
53,1,//@战争史研究WHS:毕竟是? 背后的资本[吃瓜][吃瓜]//@_0段岫0_:冻了两个多月？？腾讯真踏马缺德啊[吐]//@吴邪手:老干妈的资产四月就冻结了，两个月了，这也就是老干妈血厚，要知道现在是辣椒收获的季节，人家一家企业养活多少贵州的农民 
54,1,鹅你要脸不？//@战争史研究WHS:毕竟是? 背后的资本[吃瓜][吃瓜]//@_0段岫0_:冻了两个多月？？腾讯真踏马缺德啊[吐]//@吴邪手:老干妈的资产四月就冻结了，两个月了，这也就是老干妈血厚，要知道现在是辣椒收获的季节，人家一家企业养活多少贵州的农民 
55,1,//@没有羊先生:这是百度对腾讯出其不意的反制策略吗？//@虎嗅APP:有消息称，腾讯因在某搜索引擎上误入诈骗网站导致了后续一系列事件的发生。 http://t.cn/A6yhU2Bc 
56,1,转发微博 
57,1,转发微博 
58,1,转发微博 
59,1,转发微博 
60,0,转发微博 
61,0,#3人伪造老干妈印章与腾讯签合同# 魔幻… ??
62,0,小破站鹅厂表态，中午的辣椒酱突然不香了[doge]#3人伪造老干妈印章与腾讯签合同# ??
63,0,下半年第一天好欢乐，百度也来了[允悲]#3人伪造老干妈印章与腾讯签合同# ??
64,0,#3人伪造老干妈印章与腾讯签合同#卧槽，腾讯居然被薅羊毛了？？ ??
65,0,#3人伪造老干妈印章与腾讯签合同#震惊！2020上半年第一天腾讯公司居然被“老干妈”骗了，以前都是骗别人，如今也会被骗，真是“大快人心”，本来是一件违法行为，为啥我很想笑？[哈哈]http://t.cn/A6yhUS5Q????
66,0,截至11月11日24点，2020天猫双11全球狂欢季期间的成交额突破4982亿，累计成交额过亿的品牌超过450个。中国内需爆发带动天猫双11再创新增长。 ??
67,0,#3人伪造老干妈印章与腾讯签合同#这么大一笔广告费订单，腾讯不跟老干妈总部核实？只认公章？太好骗了吧[摊手][摊手][摊手] http://t.cn/A6yhCNAN ??
68,0,【淘宝天猫总裁蒋凡：同周期同口径，#双11成交额比去年增长26%#】#天猫双十一总交易额4982亿元# 11月12日凌晨，2020天猫双11落下帷幕，淘宝天猫总裁蒋凡总结发言表示，#天猫双十一成交额4982亿#，不包含房产、汽车等新兴品类，同周期、同口径下，较去年同比增长26%，这个增速是在过去三年取得的最好的增长成绩。网友：应该过两天再结算，还有#退款# 呢[允悲][允悲] 你怎么看？@老板联播 http://t.cn/A6GaP3hG
69,0,#3人伪造老干妈印章与腾讯签合同#鹅也有今天，对不起，我笑得很大声[笑cry][笑cry][笑cry][笑cry][笑cry][笑cry][笑cry][笑cry]。 ??
70,0,#3人伪造老干妈印章与腾讯签合同#对不起鹅，原谅我笑得太大声[笑cry][允悲]，没想到，鹅也有今天，宁不是钮钴禄·鹅吗？腾讯告老干妈，结果是腾讯真的帮老干妈做了一次全媒体全免费的巨额广告，还顺便自黑了一把，让#支付宝# 顺便也吃了一大瓜！[笑cry] ??
71,0,#3人伪造老干妈印章与腾讯签合同#钮钴禄·鹅被骗了，鹅你肿么了？鹅：你伤害了我，还一笑而过。我知道这样很伤害你，鹅，但是真的有点好笑。 ??
72,0,本来日常经营平稳 被拉入悬崖绝壁上 这就是双11 
73,0,做个分母，今年是双11花钱最多的一年 
74,0,【#律师解读腾讯老干妈事件#：#律师称腾讯可能撤诉#】腾讯老干妈突陷千万元合同纠纷，贵州警方7月1日发布声明称#3人伪造老干妈印章与腾讯签合同# 。北京京都律师事务所常莎律师表示，伪造印章属于刑事案件，目前要先处理完刑事案件才能处理民事案件。这起民事案件中，腾讯需要举证老干妈是否在订立合同之初就知晓伪造印章与腾讯签合同。如果是看到广告之后才知道，就算老干妈从中获利，腾讯也不能追究老干妈的责任。她认为腾讯可能会撤诉。http://t.cn/A6yhNBan
75,0,这也忒巴适了 
76,0,哈哈哈哈哈速来吃瓜 
77,0,@巴啦啦巴哈 
78,0,转发微博 
79,0,【贵阳警方：#3人伪造老干妈印章与腾讯签合同#，已被刑拘】7月1日，贵阳公安双龙分局通报，3人伪造老干妈公司印章，冒充该公司市场经营部经理与腾讯签订合作协议，目前3人已被刑拘。 ???? 
80,0,#3人伪造老干妈印章与腾讯签合同#哈哈哈哈看到一个好笑的，逗鹅冤，哈哈哈哈哈哈哈哈 ?太有才了 ??
81,0,#3人伪造老干妈印章与腾讯签合同# 今日份的快乐源泉了，哈哈哈，太逗了，逗鹅冤 #腾讯中午的辣椒酱突然不香了# 哈哈哈，今天不行了，太好笑了 
82,0,[作揖][吐]//@重工组长于彦舒://@卡了蛋儿kk:。。。//@萝卜特Robert:[吐]//@卡介伦://@_0段岫0_:冻了两个多月？？腾讯真踏马缺德啊[吐]//@壶三猫:垄断企业就是牛逼啊//@吴邪手:老干妈的资产四月就冻结了，两个月了，这也就是老干妈血厚，要知道现在是辣椒收获的季节，人家一家企业养活多少贵州的农民 
83,0,我他妈笑没了[笑cry]//@耳科赵医生:鹅长官方在B站发布的，算是承认被骗了 
84,0,#财经# #财经[超话]#[允悲][允悲][允悲] 
85,0,#3人伪造老干妈印章与腾讯签合同#抄袭起来的公司最后被骗子耍了  笑死了 ??
86,0,#3人伪造老干妈印章与腾讯签合同#不是大家幸灾乐祸 主要腾讯真的是抄袭发的家  包括qq本身都是模仿icq  飞车模仿跑跑 cf模仿cs 炫舞模仿劲舞团等等等 只不过加了十连抽 首充大礼包 各种挣钱活动罢了  这也算玩了半辈子鹰 让小麻雀啄了眼 ??
87,0,#3人伪造老干妈印章与腾讯签合同#  腾讯某游戏策划：马总 我们新出的十连抽活动发布吗？马总：先别发布 去把法务叫来 先给他十连抽 ??
88,0,转发微博 
89,0,#3人伪造老干妈印章与腾讯签合同#这波啊，这波是白嫖[笑而不语] ??
90,0,#3人伪造老干妈印章与腾讯签合同#签合同不是有预付吗？现在都可以白嫖了吗？总觉得这事没那么简单…… ??
91,0,来了 
92,0,行 
93,0,此事恐怕没有这么简单吧？双方一定有人在“做假\说谎”。拭目以待…！ 
94,0,#案件播报#【贵阳警方：#3人伪造老干妈印章与腾讯签合同# 被刑拘】 
95,0,#3人伪造老干妈印章与腾讯签合同#你们可真秀#中国高校联盟[超话]##校园市场[超话]# ??
96,0,居然为了游戏礼包码 这是几个648呀[笑cry] 
97,0,这回真是免费广告了[偷笑] 
98,0,所以腾讯的辣椒酱是置换来的吗？ 
99,0,鹅也有今天[笑cry][笑cry][笑cry] 
100,0,转发微博 
101,0,????南山必胜客又输一局 
102,0,[月亮] 
103,0,随手一转吧[doge] 
104,0,“双11”购物节推陈出新，再创销售规模新纪录 ——内需潜力加速释放 http://t.cn/A6GSqO4N ??
105,0,#3人伪造老干妈印章与腾讯签合同#企鹅:“我尼玛，去你嘛的老干爹”！ ??
106,0,//@枭铮 :哈哈哈哈[喵喵]//@神奇知识点 :腾讯：“陶老太太，今天你这个钱还也得还，不还也得还！白纸黑字儿签着你的名儿……不然我就要上法院！” 陶碧华：“我说我不签，你非让我签，我签……告我去吧！” 腾讯：“我提醒您这可签着您的大名儿呢” 陶碧华：“我签的是啥？！” 腾讯：“老干妈？！” 
107,0,//@法的冰山一角:总结下：有担保有申请就可以财产保全，所以此举不是企鹅霸权；民事审判如果以刑案为根据，就要中止，但商事案件如果不以刑案为根据，应当继续审理；本案关键在于老干妈是否“又当又立”，表见代理；财产保全错了要赔，可以拉保险下水。 
108,0,老干妈成最大赢家 
109,0,//@索拉Solar://@玄学生儿育女法_bot :鬼鬼俺要看戏//@鸠也子 : 太狠了//@卡了蛋儿kk :。。。//@_0段岫0_ :冻了两个多月？？腾讯真踏马缺德啊[吐]//@壶三猫 :垄断企业就是牛逼啊//@吴邪手 :老干妈的资产四月就冻结了，两个月了，这也就是老干妈血厚，要知 
110,0,转发微博 
111,0,#3人伪造老干妈印章与腾讯签合同# 一时之间我竟不知道是腾讯傻还是骗子太聪明[费解]荒诞幽默现实主义题材的素材来了，坐等开机 ??? 
112,0,转发微博 
113,0,建议鹅帮老干妈出律师费使用地表最强律师团帮老干妈维权  [加油]这才是真正的大格局 
114,0,转发 
115,0,好的 
116,0,出来混迟早是要还的 
117,0,快帮我买单 
118,0,【3人伪造老干妈印章与腾讯签合同 已被刑拘】据贵阳公安双龙分局微信公众号消息，近日，该局接贵阳南明老干妈风味食品有限责任公司(以下筒称“老干妈公司”)报案称：有不法人员冒充该公司名义与深圳市腾讯计算机系统有限公司(以下简称“腾讯公司”)签订合作协议，导致被腾讯公司起诉。经该局初步査明，系犯罪嫌疑人曹某(男，36岁)刘某利(女，40岁)、郑某君(女，37岁)伪造老干妈公司印章，冒充该公司市场经营部经理，与腾讯公司签订合作协议。其目的是为了获取腾讯公司在推广活动中配套赠送的网络游戏礼包码，之后通过互联网倒卖非法获取经济利益。目前，曹某等3人因涉嫌犯罪已被依法刑事拘留。案件正在进一步办理中。
119,0,哈哈哈哈哈啊哈哈哈啊笑死了[doge]#3人伪造老干妈印章与腾讯签合同# #腾讯中午的辣椒酱突然不香了#  
120,0,#3人伪造老干妈印章与腾讯签合同#笑死了，鹅怎么这么蠢 ??
121,0,？？？这事最逗的不是裁定书都出了吗[笑cry] 
122,0,腾讯也有被薅羊毛的一天 
123,0,这相当深度了 
124,0,哈哈哈哈哈哈哈哈很想笑//@Argon_三只白狗熊://@漫威大法好:哈哈哈哈哈哈哈//@謝海羣:腾讯也有这一天[哈哈] http://t.cn/A6yh6fxY 
125,0,转发微博 
126,0,我艹 
127,0,吃瓜突然吃到自己头上哈哈哈哈 
128,0,@甜酒酿青茶 //@白御新: 又是up，咦我为什么要说又[笑cry]//@崔紫剑: [笑cry][笑cry][笑cry][笑cry]//@风闻社区://@赵脱俗: 卧槽…从来没想到这视频每次换套字幕都能这么搞笑，今天这段还有好几处口型都对上了。[笑cry] 
129,0,太草了//@灼眼的小熊: //@Freeze_Rasis:草//@不锈钢蛋糕: 卵秀飞了 
130,0,我们鹅还是那个傻白甜鹅 
131,0,南山必胜客打眼了？//@好人夸我长得帅: 腾讯真被骗了啊。厉害啊[跪了] 
132,0,轉發微博 
133,0,[兔子][兔子][舔屏] 
134,0,哈哈哈哈哈哈哈操//@不在家干鱿鱼干青鱼子粪坑:哈哈哈哈哈哈哈哈哈//@尸姐:终究是错付了//@檀烧: 有点同情但对不起太好笑了[允悲]//@千堆雪啊:有点心疼[允悲]//@冰火搬运酱:第一次有点心疼企鹅……[允悲][允悲][允悲]//@雪霏Sophia: 鹅是真的全心全意在付出//@刘码露: 陶华碧：？？？关我peace 
135,0,转发微博 
136,0,哎 
137,0,老干妈成为最大赢家， 风味豆鼓，你值得拥有[doge] 
138,0,笑死了[笑cry]//@Minerva猫:太好笑了 
139,0,我笑死了[笑cry][笑cry][笑cry]//@乔凯文:完整版来了... 
140,0,厉害了(? ??_??)? 
141,0,来咯来咯 
142,0,老干妈，牛逼 
143,0,轉發微博 
144,0,真的是个很不错的分享哦(*??╰╯`?)? 
145,0,转发 
146,0,[吃瓜]也许是南山必胜客许久未出江湖了，世人都忘记他的威名了 
147,0,转发微博 
148,0,转发微博 
149,0,[打call] 
150,0,哈哈哈哈哈哈//@失焦列车:笑死了 鹅也有今天啊哈哈哈哈哈//@錦衣夜行焱十一:？？？？？//@欧美二线品牌:哈哈哈//@T9要进球:老干妈稳赚不赔[doge][doge][doge] 两份广告，两份收益[喵喵][喵喵] 
151,0,哈哈哈哈哈哈哈哈哈哈哈哈呀呀呀嘎嘎嘎嘎嘎嘎 
152,0,转发微博 
153,0,笑死我了[哈哈][哈哈][哈哈]腾讯被骗了[笑而不语] 
154,0,笑死我了[哈哈][哈哈][哈哈]腾讯被骗签了假合同，还要起诉人家[笑而不语]这法务只怕签了真合同都起诉不赢吧[doge] 
155,0,来了 
156,0,转发微博 
157,0,//@黑板报的水晶:[费解][费解]//@地了个米_运动真快乐:腾讯都翻车了？？//@都市怪诞录 :哈哈哈，这剧情变得太快了//@一玶海岸 : 腾讯和南山区法院傻眼了，这些人在决定保全人家财产前，都没和老干妈沟通一下么？[汗]//@开水族馆的生物男 :笑喷了...就觉得老干妈根本不会这么玩...人家又不是BYD 
158,0,卷 
159,0,xswl//@江宁婆婆:一开始还以为是什么up主自制，结果我去b站看了一眼，这个视频真的是鹅厂官方发的[允悲][允悲][允悲] http://t.cn/A6yhBVWU 
160,0,转发微博 
161,0,腾讯签合同的人就是一帮傻子！脸丢大了吧！ 
162,0,这次也太搞笑了吧？老干妈双赢 
163,0,? 
164,0,[嘻嘻][嘻嘻] 
165,0,参与一下，今年为啥返场没啥好东西。。。 
166,0,看过报道老干妈全是现金结算，不赊账不欠款挺牛的，鹅也别只道歉了该赔赔吧[吃瓜]//@吴邪手中的冷烟火:老干妈的资产四月就冻结了，两个月了啊，也就是老干妈血厚，现在是辣椒收获季，人一家企业养活多少贵州农民？//@莫卿-鲤:请认真给老干妈道个歉！！！要是一般小企业，这么就给人家玩儿死了！ 
167,0,#3人伪造老干妈印章与腾讯签合同#以后三人出来在简历上写：我替老干妈在qq飞车上打过广告，腾讯不收钱。 ??
168,0,转发微博 
169,0,分母 
170,0,[笑cry] 
171,0,笑死 
172,0,转发微博 
173,0,谁能告诉我成交额是啥[晕][晕][晕]总不能14亿人平均每个人买了300多亿吧[晕][晕][晕] 
174,0,//@一人谈视频:#2020双11成交额# 数字背后不仅仅是数字[作揖] 
175,0,冻结了两个月？！[费解]希望鹅出事。//@吴邪手中的冷烟火:老干妈的资产四月就冻结了，两个月了啊，这也就是老干妈血厚，要知道现在是辣椒收获的季节，人家一家企业养活多少贵州的农民？评论里说老干妈不是好东西？人家不融资不上市不打广告不偷税漏税，简直优质民营企业好吧，搞笑！ 
176,0,转发微博 
177,0,[吃瓜] 
178,0,???♂?我可以吗 
179,0,转发微博 
180,0,我就不信腾迅向法院起诉前不会直接向老士妈追广告费？而这时的老干妈估计是揣着明白装糊涂，甚至是以这样的态度一直拖下去以便让腾迅一直为它广告，当腾迅终于忍无可忍向法院起诉时老干妈就来了这一出报警戏，反正老干妈的免费广告也做了，钱又不用出，真高。 
181,0,转发微博 
182,0,转发微博 
183,0,转发微博 
184,0,我来了！ 
185,0,谢谢[doge] 
186,0,//@_海洛:为什么天猫不卖房//@苏南慕辰: 来了！//@沈小司司:也是这个项目老合作人了//@赭麒麟:就没买什么。万一中了岂不是很亏[胖红生气] 
187,0,转发微博 
188,0,//@马库斯说:哈哈哈哈哈哈哈//@孟晖的蔷薇苑://@宅宋喵: 哈哈哈哈哈哈哈//@十一月末君: 笑死，太惨了……//@米勒与麋鹿: 这//@量产raito:哈哈哈哈哈哈哈哈哈//@我是不是长了对驴耳朵:没想到有一天腾讯也会被骗[允悲][允悲][允悲]//@玩Switch的呆呆兽:真被人骗了草[允悲][允悲][允悲]???? http://t. 
189,0,哈哈哈哈哈哈哈哈哈哈哈哈哈哈哈哈哈哈我他妈笑吐了//@午后狂睡:……没想到鹅厂居然有一天也栽倒在了山寨品上，2020年着实刺激。 
190,0,伪装成甲方，可以骗乙方什么？ 
191,0,鹅也太横行霸道了[二哈]//@糖果琉璃://@浪里赤条小粗林:该敲打鹅了……老干妈这次真的飞来横祸//@阿下:好好查查//@仓酱_:这么看来 如果不是老干妈，别的中小企业早被它整死了//@吴邪手中的冷烟火:老干妈的资产四月就冻结了，两个月了，这也就是老干妈血厚 
192,0,鹅厂被坑活久见[doge] 
193,0,做个分母 
194,0,转发微博 
195,0,[笑cry][笑cry]//@闫总:哈哈哈哈哈 李国庆：我就说公章有用吧！[笑cry][笑cry][笑cry] 
196,0,1000瓶老干妈？还搞啊？公关是有点想法，玩久了让人讨厌。//@胡萝卜吃兔兔://@浪里赤条小粗林:该敲打鹅了……老干妈这次真的飞来横祸//@仓酱_:这么看来 如果不是老干妈，别的中小企业早被它整死了//@吴邪手中的冷烟火:老干妈的资产四月就冻结了，两个月了，这也就是老干妈血厚 
197,0,//@伍帝5718924841:鹅厂的“业余选手”呦~~~“辣椒酱”拉边是三条“职业练家”唷~~ 
198,0,转发微博 
199,0,[太开心] 
200,0,来恰老干妈@尖哥 @区块链奶哥 @盛京十七郎 
201,0,//@Allukaa:贵州警方要是没抓住骗子这个冤大头就坐实老干妈了呗?? 腾讯知道自己告错了也要找人接盘 赌老干妈熬不过冻结期和名誉受损期太贱了[吐][吐] 
202,0,腾讯这么大一个分司也会[笑cry][笑cry] 
203,0,//@盒马:参与了4982亿大项目的合伙人前来报到！！！关注?点赞，再抽一人送超大公仔，给你一个超级大大大大大涌抱呀[给你小心心][给你小心心][给你小心心] 
204,0,[费解][费解][费解][费解][费解]//@银发的小卷子:为了获取游戏礼包码…… 
205,0,转发微博 
206,0,哈哈哈哈哈哈哈…//@薄暮冰轮: 动机、做法和结果都颠覆商战文套路[跪了] 
207,0,所以是谁？！~哈哈哈哈哈哈这是什么搞笑商战连续剧？！//@芸豆和雨豆: 百度说不是他们的锅[摊手][二哈][二哈][二哈] 
208,0,哈哈哈哈哈哈哈～太好笑了真的！//@漫威大法好:哈哈哈哈哈哈哈//@謝海羣:腾讯也有这一天[哈哈] http://t.cn/A6yh6fxY 
209,0,抽我吧 今年我买的少[doge] 
210,0,转发微博 
211,0,老干妈可以反告腾讯吧 用了自己的商标 侵犯了自己的名誉权[吃瓜][吃瓜][吃瓜] 
212,0,#3人伪造老干妈印章与腾讯签合同#皇额娘真的有点儿可爱 ??
213,0,您看 我这有希望吗？ 
214,0,震惊！ 
215,0,#3人伪造老干妈印章与腾讯签合同# 腾讯丢钱事小，丢脸事大哈哈哈哈[doge][doge][doge] ??
216,0,鹅鹅鹅鹅有点点心疼鹅[允悲][允悲] 
217,0,转发微博 
218,0,哈哈哈哈哈哈哈 
219,0,哈哈哈哈哈哈哈哈哈。我得笑笑，干的漂亮 
220,0,嗯414 
221,0,我来了[好喜欢] 
222,0,转发微博 
223,0,转发微博 
224,0,普通人申请个劳动仲裁要办理好几个月，好不容易判决书下来了却没屁用，还得再去法院申请强制执行。终于走完一堆流程了，法院还要办理个半年。瞧瞧人家大资本家，当天就给你查封了财产，谁不说声牛逼[二哈] 
225,0,普通人申请个劳动仲裁要办理好几个月，好不容易判决书下来了却没屁用，还得再去法院申请强制执行。终于走完一堆流程了，法院还要办理个半年，就几千块的工资赔偿。瞧瞧人家大资本家，当天就给你查封了财产，谁不说声牛逼[二哈] 
226,0,转发微博 
227,0,也不红，倒是爱蹭（bushi 
228,0,转发微博 
229,0,//@M大王叫我来巡山:以为是商战相爱相杀文，点进去发现是喜剧文//@纯良英俊的笑了笑:2020世纪虐恋//@这是一个很高冷的ID:哈哈哈哈哈哈哈哈哈//@圈酱:哈哈哈哈哈哈哈//@你不要脸的样子真可爱:草//@第十一毛:笑死哈哈哈哈哈 
230,0,转发微博 
231,0,哈哈哈哈哈哈哈哈哈哈哈//@江宁婆婆:[允悲][允悲][允悲]你还弄个完整版。。。 
232,0,哈哈哈哈哈哈哈哈哈//@愁小多丶: [允悲][允悲][允悲]哈哈哈哈哈哈哈哈//@江宁婆婆:[允悲]等等，怎么回事？[允悲] 
233,0,哈哈哈哈哈哈//@贝勒王duki: [允悲]//@画画的张旺:[允悲][允悲][允悲]//@万事风过耳:求文求文[笑cry]//@酿青椒:哈哈哈哈哈哈哈哈//@angel_groundwalker :哈哈哈哈哈哈哈哈//@每天都如此冷静 :哈哈哈哈哈哈哈哈哈哈 
234,0,//@贝勒王duki: 艹//@室韦包子://@_0段岫0_ :冻了两个多月？？腾讯真踏马缺德啊[吐]//@吴邪手 :老干妈的资产四月就冻结了，两个月了，这也就是老干妈血厚，要知道现在是辣椒收获的季节，人家一家企业养活多少贵州的农民 
235,0,//@神龙独步绿洛客:央视整理的这个线最完整//@道下一三 ://@荒村DNS ://@_0段岫0_ :冻了两个多月？？腾讯真踏马缺德啊[吐]//@壶三猫 :垄断企业就是牛逼啊//@吴邪手 :老干妈的资产四月就冻结了，两个月了，这也就是老干妈血厚，要知道现在是辣椒收获的季节，人家一家企业养活多少 
236,0,肥肠需要了 
237,0,转发微博 
238,0,要不是警方通报这瓜我都不敢信，真是艺高人胆大[作揖]//@M大王叫我来巡山:？笑死[允悲]腾讯被山寨坑游戏礼包这说出去谁信啊//@风吹铃铛响叮叮:这...[哆啦A梦吃惊]//@颜文字君:(⊙…⊙)腾讯居然被骗了！？//@尝乳:卧槽，腾讯的羊毛都敢撸[允悲] 
239,0,[允悲] 
240,0,[允悲] 
241,0,[允悲] 
242,0,//@M大王叫我来巡山: 我要笑死了……这是和骗子签的多深度的推广哦……//@孙策不与周郎便:太滑稽了吧 
243,0,转发微博 
244,0,草啊哈哈哈哈哈哈//@-恶梦akumu-:草//@理性崩壊: 哈哈哈哈哈哈哈哈哈//@全球时尚四喜:哈哈哈哈哈哈哈哈哈哈哈哈哈哈哈哈哈哈哈哈这瓜可太香了[允悲]//@寒霜眠:害//@重工组长于彦舒 :草//@临界丘 ://@太阳好大脸 :说好的结局怎么还是反转剧//@刘码露 :鹅：好酸楚//@水晶男孩鸡大帅 :笑死 全网甩锅 
245,0,转发微博 
246,0,转发微博 
247,0,这也太搞笑了[笑cry][笑cry][笑cry]鹅被骗了 
248,0,[笑cry]//@楚惜刀:老干妈有气运在身啊//@画小眉: //@一只贫穷的毛毛毛: 建议影视化//@卡李 :欧莱雅都比不了的欧气[赞]//@harps :老干妈和榨菜萝卜干将是未来三十年的可乐//@庄珂瑷 :这…[允悲][允悲][允悲]//@江宁婆婆 :[允悲][允悲][允悲]你还弄个完整版。。。 
249,0,太有才了[允悲]//@神奇知识点:腾讯：“陶老太太，今天你这个钱还也得还，不还也得还！白纸黑字儿签着你的名儿……不然我就要上法院！” 陶碧华：“我说我不签，你非让我签，我签……告我去吧！” 腾讯：“我提醒您这可签着您的大名儿呢” 陶碧华：“我签的是啥？！” 腾讯：“老干妈？！” 
250,0,好的 
251,0,转发微博 
252,0,//@朕的刀鞘不见了:今日的欢乐源泉//@吃瓜群众CJ:老干妈血赚//@江宁婆婆:[允悲][允悲][允悲]你还弄个完整版。。。 
253,0,转发微博 
254,0,万一呢 
255,0,芜湖 
256,0,老干妈也太惨了吧...这还遇上疫情 
257,0,腾讯先是在qq飞车上为老干妈打了一波广告，现在又给老干妈打了一波广告。别说了，我现在就去买瓶老干妈恰[笑cry] 
258,0,哈哈哈哈哈哈哈哈臭鹅把出场费给杨超越妹妹结一下 
259,0,哈哈哈哈哈哈 
260,0,轉發微博 
261,0,哈哈哈哈哈哈哈哈哈哈哈哈哈哈哈哈哈哈哈笑出鹅叫 
262,0,转发微博 http://t.cn/A6GSjUIy 
263,0,这特么居然是真消息[允悲][允悲][允悲]//@克里斯gmail:腾讯被骗了？[允悲][允悲] 
264,0,哈哈哈哈哈哈哈//@miumiu嬉皮:哈哈哈哈哈哈哈哈哈哈哈//@惨绿少年金三坨: 今天是腾讯老板马化腾被骗的日子，只要把这个消息发给两个群，就能让大家开心一下，我已经试过了，10秒钟就能获得几百个“哈哈哈哈哈哈哈”，不相信也要试试，反正没坏处 ??? 
265,0,//@温水凭本事的手红:那你索索是谁！[并不简单]//@林跃然是好叉子: 打起来打起来！[憧憬]//@不能发芽的种子: 打起来！打起来！ //@顾惜之:[二哈]那是谁啊？ 
266,0,//@林熊猫:我觉得QQ飞车血赚，绑上个国民IP。//@吃瓜群众CJ:老干妈血赚//@江宁婆婆:[允悲][允悲][允悲]你还弄个完整版。。。 
267,0,//@啃糖醋白骨的御小p:哈哈哈哈//@我真是球球你了:太搞笑了我真的要笑死太丢脸了//@雪霏Sophia:鹅是真的全心全意在付出//@刘码露: 陶华碧：？？？关我peace//@江南大野花:笑死了 鹅是真走心了//@月刊勇者KuMa君:得笑半年//@跳跳兲虎:真行为艺术了//@一格: 腾讯好委屈但是好好笑啊哈哈哈哈哈哈 
268,0,//@kimi-其尾君:笑出眼泪//@XXX一姐木木:[笑cry]//@某hi:噗哈哈哈，这憨憨形象，这热度，1600万没白花[允悲]//@江宁婆婆:一开始还以为是什么up主自制，结果我去b站看了一眼，这个视频真的是鹅厂官方发的[允悲][允悲][允悲] http://t.cn/A6yhBVWU 
269,0,kdl//@千里照夜玉狮子:嘲笑？这次腾讯的表现让人恐惧，没有沟通，没有证据，就指挥地方法院，查封了另一家国民级公司的资产，我以为只有在资本主义国家发生的事情在我们这里发生了//@全世界到处都是栗子:南山必胜客第一次翻船了，各大业内都在嘲笑，真够傲慢的！ 
270,0,活久见系列[吃瓜] 
271,0,转发微博 
272,0,[跪了][跪了][跪了] 
273,0,[飞镖黄跳舞] 
274,0,转发微博 
275,0,转发微博 
276,0,腾讯的市场部这么容易忽悠吗？一个假章就能骗过几千万的广告费？这里面事挺多呀 #3人伪造老干妈印章与腾讯签合同# http://t.cn/RD4C3n3 ??深圳
277,0,腾讯的市场部这么容易忽悠吗？一个假章就能骗过几千万的广告费？这里面事挺多呀 ，不说了，我要去刻章了，订单太多了#3人伪造老干妈印章与腾讯签合同# http://t.cn/RD4C3n3深圳
278,0,早上听新闻还不可思议，神奇反转[二哈]//@午后狂睡:……没想到鹅厂居然有一天也栽倒在了山寨品上，2020年着实刺激。 
279,0,//@添雪齋:这鹅厂岂不是太好骗了？//@战争史研究WHS:[笑cry][笑cry][笑cry][笑cry] 
280,0,[允悲]//@小小方士2020:他连公众号都懒得更新还找你打广告 
281,0,[思考]//@少年伯爵:其实这个就和受贿罪里的默示许诺有点像了……我不相信老干妈里完全没有人不知道腾讯费劲吧啦大半年的QQ飞车老干妈广告，这个就足够掰扯半天了。 
282,0,[允悲]//@秦祎墨:哈哈哈哈哈哈哈哈哈哈哈救命啊//@贝勒王duki:[允悲]//@画画的张旺:[允悲][允悲][允悲]//@万事风过耳:求文求文[笑cry]//@酿青椒:哈哈哈哈哈哈哈哈//@angel_groundwalker :哈哈哈哈哈哈哈哈//@每天都如此冷静 :哈哈哈哈哈哈哈哈哈哈 
283,0,太搞笑了吧[允悲]腾讯你醒醒啊 
284,0,哈哈哈哈哈哈哈哈哈 
285,0,哈哈哈哈哈哈哈//@神奇知识点:腾讯：“陶老太太，今天你这个钱还也得还，不还也得还！白纸黑字儿签着你的名儿……不然我就要上法院！” 陶碧华：“我说我不签，你非让我签，我签……告我去吧！” 腾讯：“我提醒您这可签着您的大名儿呢” 陶碧华：“我签的是啥？！” 腾讯：“老干妈？！” 
286,0,赞一个，支持，加油！ 
287,0,[doge][doge][doge] 
288,0,//@小鸟真的超级可爱:昨天那么多营销通稿真的不好笑，感觉腾讯太过分了，不联系老干妈催债就直接给人财产冻结，想想普通老百姓遇到这事要怎么办？？//@请请请打捞我:该不会真有人觉得腾讯傻白甜吧 营销的真没意思 
289,0,//@-雾山-://@-音速山谷-://@卡了蛋儿kk :。。。//@九霄快乐小熊_糕心甜蜜糖 :靠真他妈恶心?//@_0段岫0_ :冻了两个多月？腾讯真踏马缺德啊[吐]//@壶三猫 :垄断企业就是牛逼啊//@吴邪手 :老干妈的资产四月就冻结了，两个月了，这也就是老干妈血厚，要知道现在是辣椒收获的季节，人家一家企业养活多少 
290,0,//@江宁婆婆:一开始还以为是什么up主自制，结果我去b站看了一眼，这个视频真的是鹅厂官方发的[允悲][允悲][允悲] http://t.cn/A6yhBVWU 
291,0,转发微博 
292,0,转发微博 
293,0,转发微博 
294,0,？忽然好想知道在南山区法院工作是什么样的体验[馋嘴] 
295,0,#3人伪造老干妈印章与腾讯签合同#这就尴尬了，@腾讯公司 被骗了，结果傻乎乎的把老干妈告了。最后老干妈还帮腾讯报警了。。简直是个憨憨[摊手][摊手][摊手][摊手][摊手] ??
296,0,转发微博 
297,0,这段子倒是贴切[偷乐]//@神奇知识点:腾讯：“陶老太太，今天你这个钱还也得还，不还也得还！白纸黑字儿签着你的名儿……不然我就要上法院！” 陶碧华：“我说我不签，你非让我签，我签……告我去吧！” 腾讯：“我提醒您这可签着您的大名儿呢” 陶碧华：“我签的是啥？！” 腾讯：“老干妈？！” 
298,0,哈哈哈哈哈哈哈哈哈哈哈 
299,0,//@李子的围脖: [哈哈]//@林水妖: 值得一个月流水三十万 
300,0,//@陳楸帆: //@董润年:哈哈哈哈老干妈一分钱没花被做了一个超级广告。哪个广告能上热搜啊//@迷影心生:[费解]//@M大王叫我来巡山:我要笑死了……这是和骗子签的多深度的推广哦……//@孙策不与周郎便:太滑稽了吧 
301,0,转发微博 
302,0,哈哈哈哈哈哈哈哈哈哈哈哈哈哈哈哈哈这反转[允悲][笑cry][笑cry][允悲] 
303,0,转发微博 
304,0,//@水蜜桃婶婶:太好笑了//@魔力切: [笑cry]//@吃瓜群众CJ:老干妈血赚 
305,0,7月新规来了！事关口罩、车子和票子，快看看！自7月1日起，将有一大批全国性、地方性新规开始实施，事关口罩、车子和票子等，快一起来看看吧。【全国性新规】公职人员政务处分法7月1日施行《中华人民共和国公职人员政务处分法》将于7月1日起施行。作为新中国成立以来第一部全面系统规范公职人员惩戒制度的国家法律，该法实现了不同公职人员处分标准的统一，有利于提升政务处分工作的法治化、规范化水平。新出台的政务处分法明确对有职务违法行为的公职人员，根据情节轻重依法给予不同处分。对情节轻微的可进行谈话提醒、批评教育、责令检查或者予以诫勉，再严重的依次规定了警告、记过、记大过、降级、撤职乃至开除等处理种类。口罩正式实施新标准 2019年底，国家市场监督管理总局和中国国家标准化管理委员会发布了新的呼吸防护标准GB2626-2019《呼吸防护自吸过滤式防颗粒物呼吸器》，2020年7月1日实施，将对KN95型口罩在呼吸阻力、气密性、实用性能、清洗和消毒等方面提出更高的要求，更能反映口罩实际使用过程中的性能。标准规定了自吸过滤式防颗粒物呼吸器的分类和标记、技术要求、检测方法和标识。在此之前，呼吸防护标准使用的是GB2626-2006《呼吸防护用品自吸过滤式防颗粒物呼吸器》。KN100口罩为其规定的高防护等级，相比于KN95与KN90防护效率更高。首个关于直播带货的规范正式施行6月24日，中国广告协会发布《网络直播营销行为规范》，这是国内出台的第一个关于网络直播营销活动的专门规范。《规范》自今年7月1日起施行。对于商家，《规范》明确规定，主播向商家、网络直播营销平台等提供的营销数据应当真实，不得采取任何形式进行流量等数据造假，不得采取虚假购买和事后退货等方式骗取商家的佣金。对于网络直播营销平台，《规范》规定，社交平台类的网络直播营销平台经营者应当规范内部交易秩序，禁止主播诱导用户绕过合法交易程序在社交群组进行线下交易。“国六”正式落地2020年5月14日，国家生态环境部、工信部等四部联合发布《关于调整轻型汽车国六排放标准实施有关要求的公告》。公告指出，7月1日起，全国范围实施轻型汽车国六排放标准，禁止生产国五排放标准轻型汽车，进口轻型汽车应符合国六排放标准。全国铁路实施三季度列车运行图7月1日零时起，全国铁路将开始实施三季度列车运行图，多条新线开通运营，路网结构进一步完善。包括：合杭高铁合肥至湖州段开通、南通至上海铁路开通、喀左至赤峰高铁开通、安顺至六盘水高铁开通、格库铁路青海段开通等。同时，在实施三季度新图基础上，7月1日至8月31日，铁路部门将开启为期62天的暑期运输，根据客流变化，实施“一日一图”，更好地满足暑期学生流、探亲流、旅游流等出行需求，预备每日增开直通临时旅客列车48列、图定旅客列车延长运行区段3列。买新车可选装原厂ETC2020年2月11日，工信部发布了关于调整《道路机动车辆产品准入审查要求》的通知，其中一项提到：自 2020 年 7 月 1 日起，新申请产品准入的车型应在选装配置中增加 ETC 车载装置，供用户自主选装。森林分类经营管理新修订的《森林法》将于2020年7月1日起正式实施。新《森林法》实行森林分类经营管理，将森林分为公益林和商品林，公益林实行严格保护，商品林则由林业经营者依法自主经营，以此来保护好各类林业经营主体的合法权益，实现林业建设可持续发展。此外，新《森林法》调整了林木采伐许可证核发范围，采伐自然保护区以外的竹林不再办理采伐许可证。非林地上的农田防护林、防风固沙林、护路林、护岸护堤林和城镇林木的采伐，按照《公路法》《防洪法》《城市绿化条例》等规定进行管理。《中华人民共和国社区矫正法》施行7月1日，《中华人民共和国社区矫正法》将正式施行。据了解，《 中华人民共和国社区矫正法》是我国社区矫正领域首部专门性法律。《中华人民共和国社区矫正法》是为了推进和规范社区矫正工作，保障刑事判决、刑事裁定和暂予监外执行决定的正确执行，提高教育矫正质量，促进社区矫正对象顺利融入社会，预防和减少犯罪，根据宪法，制定的法律。预备役部队纳入军队领导指挥体系近日，中共中央印发了《关于调整预备役部队领导体制的决定》（以下简称《决定》）。《决定》明确，自2020年7月1日零时起，预备役部队全面纳入军队领导指挥体系，由现行军地双重领导调整为党中央、中央军委集中统一领导。【地方性政策】多地限制甚至禁止国三柴油货车通行浙江东阳：7月1日起，国三货车全部禁行；广东东莞：7月1日起，全市限行国三柴油车；广东佛山：实施国三车限制通行，违者罚款200元记3分。此外，多地国三淘汰补贴将下调，如7月1日后，深圳的国三柴油车不能再申请淘汰补贴；山东青岛国三柴油车淘汰最高可以拿到5万元的补贴，申请截止日期为2020年6月30日；浙江省丽水市和河南省洛阳市分阶段对国三车进行淘汰补贴。多地开始实施《电动自行车管理条例》随着公安部在全国部署开展“一盔一带”安全守护行动，多地出台了关于电动自行车管理办法的新规，其中大部分将在7月1日起实施。如江苏省《电动自行车管理条例》7月1日起施行，条例规定电动车驾驶员和乘客都应该佩戴头盔，未经登记的电动两轮车禁止上路，拼装、改装或加装电动车的行为会被处以罚款。此外，浙江省、陕西省、江西省、湖北孝感、湖北黄冈、湖南郴州等地同样将在7月1日起实施此类规定，虽细则有所不同，但大都强调佩戴头盔、挂牌上路、治理违法改装等内容。湖北：养老保险政策有新调整日前，湖北省人社厅重新修订印发《湖北省城乡居民基本养老保险经办规程》，将于7月1日起实施。《规程》规定，参保人员居住地址、联系电话等一般信息变更，通过互联网服务渠道或服务窗口直接填报最新信息进行变更，无需审核。南京：《南京市养老服务条例》正式实施《南京市养老服务条例》将于7月起正式实施。《条例》已经出台关于成立养老服务联席会议制度、规范尊老金发放、规范政府购买居家养老服务办法、升级适老化项目改造等4个配套政策。其中，《南京市政府购买居家养老服务实施办法》明确为80周岁以上老年人每人每月提供不少于2小时免费生活照料服务。在《关于做好适老化改造民生实事的通知》中，明确了升级适老化改造项目，并将改造标准提升至2000元/户。上海：提高职工医保统筹基金最高支付限额2020年起，上海市职工医保年度的起始时间从4月1日调整至7月1日。http://t.cn/A6Lk3qi3 ，上海市职工医保将进入2020医保年度（2020年7月1日至2021年6月30日），职工医保统筹基金最高支付限额，将从53万元提高到55万元，最高支付限额以上的部分，仍按规定继续报销80%。2020医保年度参保人员的个人医疗账户资金，也将于7月1日计入。山西：“提前退休”真的来了日前，山西省人力资源和社会保障厅印发了《企业特殊工种提前退休管理工作实施办法》的通知，其中明确，办法自2020年7月1日起施行，将实行特殊工种岗位信息备案制度，参保单位、政府双公示制度，公开接受社会和群众的监督。各参保企业申报职工特殊工种提前退休前，应向符合条件且自愿申请提前退休的职工进行权益告知，填报《企业职工特殊工种提前退休申请表》，职工本人要认真阅读并签字确认，以保障其知情权。具体包括：在企业从事特殊工种名称，从事特殊工种年限等信息；特殊工种提前退休的相关政策以及对职工个人待遇核定及今后调整基本养老金的影响；经与企业协商一致，可选择在本人提前退休年龄和法定退休年龄之间办理提前退休手续并领取基本养老金。四川：明确食品生产许可权限6月24日，四川省市场监管局发布公告，确定食品生产许可权限如下：(一)四川省市场监督管理局负责保健食品、特殊医学用途配方食品、婴幼儿配方食品，婴幼儿辅助食品(婴幼儿谷类辅助食品、婴幼儿罐装辅助食品)，食盐等食品的生产许可工作。(二)各市(州)市场监督管理局负责本辖区粮食加工品，食用油、油脂及其制品，调味品(食盐除外)，肉制品，乳制品，饮料，方便食品，饼干，罐头，冷冻饮品，速冻食品，薯类和膨化食品，糖果制品，茶叶及相关制品，酒类，蔬菜制品，水果制品，炒货食品及坚果制品，蛋制品，可可及焙烤咖啡产品，食糖，水产制品，淀粉及淀粉制品，糕点，豆制品，蜂产品，特殊膳食食品(婴幼儿谷类辅助食品、婴幼儿罐装辅助食品除外)，其他食品等食品的生产许可工作。(三)各市(州)市场监督管理局负责本辖区食品添加剂的生产许可工作。上述食品和食品添加剂的生产许可权限确定后，原发放的食品生产许可证，其延续、变更、撤销、注销和吊销等权限同步调整。
306,0,#3人伪造老干妈印章与腾讯签合同# “南山必胜客惨遭滑铁卢”[嘻嘻][嘻嘻][嘻嘻] ??
307,0,#3人伪造老干妈印章与腾讯签合同# 其实我估计判清楚赔明白过后这俩还真的会来个联动[偷乐]，现在这热度可是鹅花多少钱都不一定买得来的[doge][ok]//@我是阿册啊: 割企鹅肉//@仓酱_:哈哈哈鹅你怎么还被骗了//@浪里赤条小粗林:我他妈笑死哈哈哈哈鹅你也有今天。这新闻反转真是比洋葱新闻都可乐哈哈哈 
308,0,给我打钱吧[泪] 
309,0,//@但斌://@股道热肠也:转发微博 
310,0,回复@三十岁的小郎君:那花上万亿的市值如果是假的，这世界上要有多少傻子，包括腾讯这个大傻子。//@三十岁的小郎君:我始终怀疑拼多多的数据 
311,0,回复@内参热点头条:你老实，所以你没成功。//@内参热点头条:拼多多成功在于一个骗！淘宝成功在于一个假和偷，最重要的是支付宝！ 
312,0,6
313,0,哈哈哈哈哈哈哈哈 
314,0,转发微博 
315,0,转发微博 
316,0,老干妈才不需要你tx [doge][喵喵] 
317,0,我真的笑出声 
318,0,蹭好运 
319,0,可能吗[好喜欢] 
320,0,一年一度大项目[doge] 
321,0,转发微博 
322,0,@天猫发言人 我来啦 
323,0,转发微博 
324,0,//@然后下面就没了:。。。//@M大王叫我来巡山:老干妈真是倒了血霉了//@妖妖小精://@重工组长于彦舒://@卡了蛋儿kk:。。。//@萝卜特Robert:[吐]://@吴邪手:老干妈的资产四月就冻结了，两个月了，这也就是老干妈血厚，要知道现在是辣椒收获的季节，人家一家企业养活多少贵州的农民 
325,0,//@萝贝贝:那三个骗子为了拿到配套赠送的网络游戏礼包码，首先自己要搭进去多少瓶赞助的老干妈……？这到底是个什么骗局真的划算吗…… 
326,0,[doge] 
327,0,【贵阳警方：#3人伪造老干妈印章与腾讯签合同#，被刑拘】7月1日，贵州双龙警方通报，3人伪造老干妈公司印章，冒充该公司市场经营部经理与腾讯签订合作协议，目前3人已被刑拘。 ?此前，腾讯状告老干妈欠广告费，申请冻结1000多万财产，老干妈回应称腾讯遭遇诈骗，已报案。 http://t.cn/A6yh4BAa ??
328,0,转发微博 
329,0,#3人伪造老干妈印章与腾讯签合同# 也太好笑了吧 http://t.cn/RvEHCNO ??贵阳·太升国际
330,0,//@樱穗Sakura:虽然没买多少，万一呢 
331,0,真的太需要回血了！！！马上就成无业游民，下个月用啥还花呗都不知道[泪] 
332,0,转发微博 
333,0,[加油][加油] 
334,0,转发 
335,0,#3人伪造老干妈印章与腾讯签合同# [doge][doge][doge]老干妈乘机反诉腾讯：未经本公司授权在游戏中植入本公司名称创始人形象用作商业用途！严重侵犯本公司权益，要求赔偿[白眼][白眼][白眼] ??
336,0,鹅实惨//@江宁婆婆:[允悲][允悲][允悲]你还弄个完整版。。。 
337,0,哈哈哈哈哈哈鹅居然被薅羊毛了[doge]老干妈还白嫖了鹅[doge]老干妈这波是不是能反告鹅侵权[doge] 
338,0,? http://t.cn/A6yh4bTO 
339,0,[费解][费解][费解][费解] 
340,0,//@简单就是快乐风:哈哈哈哈哈哈哈哈哈//@时命者:老干妈：我需要广告？马应龙不是一直在帮我投放吗？ 
341,0,//@游研社:这里附上裁定书原文，截图图发不出来http://t.cn/A6yvasgA 
342,0,//@亲要一杯狗血吗:不是，前边的我都认可，但这个我有意见，36-40岁怎么对游戏礼包熟悉很奇怪了？我十年前我20出头在游戏公司打游戏的大佬都是30，40的，如今40、50了，照样跟我们打游戏…[允悲][允悲][允悲]…… http://t.cn/A6yhQtFI 
343,0,//@小锅脐儿:转发微博 
344,0,//@不考上学绝不改名:我觉得老干妈就算是真找腾讯做广告[doge]也不该是qq飞车hhhhhh那个套装我看一次笑一次//@饺子萨基爹:老干妈成最大赢家。。 
345,0,欺负人家连网站都没有，冻结人家资产都不道歉，垃圾腾讯！我要去买瓶肉丝老干妈支持一下陶华碧女士[右哼哼]//@P大文保-ZH:[偷笑][偷笑][偷笑]//@赵脱俗: 卧槽…从来没想到这视频每次换套字幕都能这么搞笑，今天这段还有好几处口型都对上了。[笑cry] 
346,0,//@小小彤彤彤:不对啊，QQ飞车和老干妈联的老干妈从哪生产出来的？//@大连突发:腾讯那1000瓶跟骗子联名的老干妈，是不是三无假冒伪劣产品[费解] 
347,0,[费解]//@桑下灯:还有武汉百亿黄金局[二哈]//@夜半三更棋落灯花:魔幻2020之商界风云： 董事长夜翻墙只为窃取商业机密； 李国庆带四彪形大汉抢公章； 腾讯怒告老干妈结果是被诈骗； 商界也确实是风起云涌了[doge] ??? 
348,0,有句讲句我觉得这个乌龙对鹅这个游戏起到的广告效果意外的好//@貓大夫飛觴醉月高臥翻書: 这真是编都编不出来[笑cry][笑cry][笑cry]//@花七小妖: 今日快乐源泉//@铁菊老萝莉捅爷:再转一下，真的太好笑了//@千金金金金不换: 哈哈哈哈哈哈 
349,0,哦吼(?-ω-`) 
350,0,有空去拿 
351,0,还有 
352,0,谢谢? 
353,0,鹅：那半年的情爱与时光，终究是错付了！！！！ 
354,0,一个骚过一个… 
355,0,鹅本性就不要脸//@战争史研究WHS:毕竟是? 背后的资本[吃瓜][吃瓜]//@_0段岫0_:冻了两个多月？？腾讯真踏马缺德啊[吐]//@吴邪手:老干妈的资产四月就冻结了，两个月了，这也就是老干妈血厚，要知道现在是辣椒收获的季节，人家一家企业养活多少贵州的农民 
356,0,[笑cry][笑cry][笑cry] 
357,0,昨天还在想哪家会胜诉，今天的瓜多到吃不完[偷乐] 
358,0,我的我的！ 
359,0,//@日向飞羽:公关还整挺好，不过?永远恶心鹅厂，买办资本家装你?呢，呕 
360,0,//@考古君:被辣的眼泪止不住[喵喵]//@秦祎墨:等我下课来看这个憨憨//@胡萝卜的吉光片羽:哈哈哈哈哈哈哈哈哈哈//@江宁婆婆:一开始还以为是什么up主自制，结果我去b站看了一眼，这个视频真的是鹅厂官方发的[允悲][允悲][允悲] http://t.cn/A6yhBVWU 
361,0,转发微博 
362,0,hhhhhhhhh//@马玉兰还在害人: 把百度吓得//@刘码露:鹅：好酸楚//@水晶男孩鸡大帅:笑死 全网甩锅//@Tiger公子://@芸豆和雨豆:百度说不是他们的锅 
363,0,转发微博 
364,0,转发微博 
365,0,冲啊 
366,0,//@兽爷:年度洋葱新闻一号入围作品 
367,0,转发微博 
368,0,转 
369,0,我0 
370,0,我0 
371,0,给我冲[哆啦A梦花心] 
372,0,哈哈哈哈哈哈哈哈哈 
373,0,鹅呃呃 
374,0,哈哈哈哈哈笑死我了[哈哈][哈哈][哈哈] 
375,0,//@爱欧斯巴达://@苍炎的人形师: 卧槽！//@Atomkuma:草两个月！//@永山C太 :腾讯的pr继续跳呀，傻你妈白甜//@拉维欧尔 :?////@_0段岫0_ :冻了两个多月？？腾讯真踏马缺德啊[吐]//@吴邪手 :老干妈的资产四月就冻结了，两个月了，这也就是老干妈血厚，要知道现在是辣椒收获的季节，人家一家企业养活多 
376,0,[哆啦A梦微笑][哆啦A梦微笑] 
377,0,[doge][doge][doge]哈哈哈哈哈哈 
378,0,不行了笑死了哈哈哈哈 
379,0,转发微博 
380,0,转发微博 
381,0,今日份的快乐是腾讯给的[哈哈] 
382,0,转发微博 
383,0,转发 
384,0,转发微博 
385,0,转发微博 
386,0,转发微博 
387,0,哈哈哈哈哈哈哈哈吃瓜吃到自己头上//@江宁婆婆:[允悲]等等，怎么回事？[允悲] 
388,0,有我 
389,0,哈哈哈哈哈哈哈哈哈哈哈哈哈哈哈哈哈 
390,0,也为上亿的项目做出了贡献 
391,0,#3人伪造老干妈印章与腾讯签合同#拿起了我的经济法看了看善意第三人那些乱七八糟的 ??
392,0,//@未曾贪杯://@风小餮tie:？！//@快递员吴彦祖:这种做法真没意思//@然后下面就没了:。。。//@M大王叫我来巡山:老干妈真是倒了血霉了//@妖妖小精://@萝卜特Robert:[吐]://@吴邪手:老干妈的资产四月就冻结了，两个月了，这也就是老干妈血厚，要知道现在是辣椒收获的季节，人家一家企业养活多少贵州的农 
393,0,//@小唐小唐满是鱼塘:哈哈哈哈哈哈哈哈哈哈哈受害鹅 http://t.cn/A6yhRP24 //@逸轩harmony:“总裁，老干妈资产已经申请查封了，已经在热搜晾了一天了！” “她认错了吗？” “她说我们认错人了。” 
394,0,转发微博 
395,0,这三个人能在里面吹一辈子：相当年连马化腾都栽在我们手上//@所长别开枪是我:还是老干妈报的案[允悲]//@迷影心生: [费解]//@M大王叫我来巡山:？笑死[允悲]腾讯被山寨坑游戏礼包这说出去谁信啊//@颜文字君:(⊙…⊙)腾讯居然被骗了！？//@尝乳:卧槽，腾讯的羊毛都敢撸[允悲] 
396,0,期待 
397,0,? 
398,0,我也占了一个4 
399,0,#3人伪造老干妈印章与腾讯签合同#大学毕业之后就没吃过老干妈了，看到新闻又馋了，赶快下单一瓶～[哈哈][哈哈][哈哈] ??
400,0,手已经没了 
401,0,//@乔柏一个心:笑死我了，史上成功白嫖腾讯第一人//@千亿夏:草，老干妈千古奇冤，腾讯也惨//@白桃桃_大号估计彻底挂了: //@你们是我世界里的小星星:说真的老干妈完全不需要一个半死不活的手游来帮忙做宣传【。//@虾米HP65_今天吹温了吗:终于把瓜吃全了[吃瓜]//@江宁婆婆 :[允悲]你还弄个完整版。。 
402,0,//@正在学习中-闭关ing://@学习第一oshi第二:吐了//@_CHiRO_:冻了两个多月………腾讯卖个头的萌//@灌江口驻花果山情感记录员 ://@谢琴酒 :就说了卖人设是没有用的，鹅这种缺德企业没必要当看客是傻子哈://@_0段岫0_ :冻了两个多月？？腾讯真踏马缺德啊[吐]//@壶三猫 :垄断企业就是牛逼啊 
403,0,[允悲][允悲][允悲][允悲]//@吐槽鬼:噗哈哈哈哈哈 所以南山那怎么去冻结账户的？？？//@赭麒麟:腾讯在I3站的动态 http://t.cn/A6yh4K3l 
404,0,转发微博 
405,0,//@莫卿-鲤:请认真给老干妈道个歉！！！要是一般小企业，这么就给人家玩儿死了！缺德！！！卖傻白甜人设，我也是服了！ 
406,0,//@吃瓜群众CJ:老干妈血赚//@江宁婆婆:[允悲][允悲][允悲]你还弄个完整版。。。 
407,0,转发微博 
408,0,笑死企鹅肉 腾讯也太惨了吧 那时候QQ飞车联赛直播贼? 老多人看了//@地铁老爷爷看手机bot:陶华碧女士:没眼看惹，警都是老娘帮着报的。 
409,0,完整版好//@DLin水寐:愿天下没有假公章//@每天都在犯困喵:哈哈哈哈哈哈哈//@江宁婆婆:[允悲][允悲][允悲]你还弄个完整版。。。 
410,0,//@伊铃今天画画了吗:鹅厂真的恶心//@阿沐的机智兰球球: 腾讯真的恶心//@顾盈缺_Viveka: //@千鹤秋水://@捂臉遁走 :…我以为就2天@九霄快樂小熊_糕心甜蜜糖 :靠真他妈恶心?//@_0段岫0_ :冻了两个多月？？腾讯真踏马缺德啊[吐]//@吳邪手 :老干妈的资产四月就冻结了，两个月了，这也就是老干妈血厚 
411,0,[微风] 
412,0,我也是参与过千亿项目的人了[doge] 
413,0,我太难了[允悲] 
414,0,锦鲤 
415,0,啊这哈哈哈哈哈哈 
416,0,转发微博 
417,0,鹅这么呆萌的吗？我不信[吃瓜][吃瓜][吃瓜][允悲][允悲][允悲] 
418,0,鹅，太敬业，太拼了。。。[允悲][允悲][允悲] 
419,0,//@道下一三://@荒村DNS://@不能发芽的种子://@菜叶子爱好者://@苏耷水://@卡了蛋儿kk:。。。////@_0段岫0_:冻了两个多月？？腾讯真踏马缺德啊[吐]//@壶三猫:垄断企业就是牛逼啊//@吴邪手:老干妈的资产四月就冻结了，两个月了，这也就是老干妈血厚，要知道现在是辣椒收获的季节，人家一家企业养活多少 
420,0,转发微博 
421,0,棒棒哒  
422,0,[太开心] 
423,0,转发微博 
424,0,xswl//@乔凯文:完整版来了... 
425,0,@腾讯公司 @小马宝莉Ada @木木每每1218 中了就送给女朋友和女朋友的闺蜜 
426,0,转发微博 
427,0,试一试！ 
428,0,草[允悲] 一个馒头引发的血案啊这波 
429,0,[二哈] 
430,0,好好笑是怎么回事，腾讯快点和百度打起来[哼]顺便报我当初被百度骗钱的仇//@碧丽提丝_Sub味:哈哈哈哈哈哈哈哈哈哈哈哈哈哈哈哈哈哈哈哈哈哈哈哈//@月神的竖琴:魔幻2020腾讯被人骗钱了哈哈哈哈哈//@西窗随记:哈哈哈哈哈哈哈哈哈哈//@冰曦微语: 哈哈哈哈哈哈哈 
431,0,加油 
432,0,哈哈哈哈哈//@Ehciarf:2020年度沙雕新闻冠军 
433,0,//@背着包包一起流浪:2020年想你不敢想的[笑而不语]//@神原鸢尾子:虽然我很想站老干妈看腾讯吃瘪，但这个广告太硬核了感觉不像是被骗[跪了] 
434,0,下半年第一迷惑事件[喵喵] 
435,0,//@赏味不足:那莆田和你有关么//@唐达克说bot:真的么，我不信（鲁豫脸） 
436,0,[允悲] 
437,0,[允悲]笑死 
438,0,转发微博 
439,0,//@殆知喵:回复@月迷风影-刘叔叔:[可怜][委屈][委屈]//@月迷风影-刘叔叔:当初就是因为转了你的微博我被炸号了…//@殆知喵://@月迷风影-刘叔叔:转发微博 
440,0,鹅肠和辣酱谁是受害者?#3人伪造老干妈印章与腾讯签合同##老干妈回应被腾讯起诉##腾讯回应起诉老干妈# ??
441,0,你哭了，敌人就笑了，哈哈哈在线吃瓜可还行[doge][doge][doge]#3人伪造老干妈印章与腾讯签合同# ??
442,0,转发微博 
443,0,大项目[哈哈][哈哈] 
444,0,[吃瓜]//@辟谣知真相:[思考]//@小小六子666:#3人伪造老干妈印章与腾讯签合同#还有这事？鹅厂编辑提前判案了？ 
445,0,[吃瓜]//@江宁婆婆:[允悲][允悲][允悲]你还弄个完整版。。。 
446,0,转发微博 
447,0,//@江宁婆婆:[允悲][允悲][允悲]你还弄个完整版。。。 
448,0,操哈哈哈哈哈哈哈哈哈虽然但是鹅也有今天啊//@我滴爸爸:哈哈哈，腾讯这次玩的笑死我了，打官司没输过的腾讯这败给老干妈了[允悲] 
449,0,//@九三JD:哼…//@风小餮tie:？！//@快递员吴彦祖:这种做法真没意思//@然后下面就没了:。。。//@M大王叫我来巡山:老干妈真是倒了血霉了//@妖妖小精://@萝卜特Robert:[吐]://@吴邪手:老干妈的资产四月就冻结了，两个月了，这也就是老干妈血厚，要知道现在是辣椒收获的季节，人家一家企业养活多少贵州的 
450,0,今年企业界的瓜也太有趣了[笑cry][笑cry]//@SAKURA_阿秀 :唯有山寨才能打败山寨[doge]//@琴麻岛的深蓝 :[允悲]//@江宁婆婆 :[允悲][允悲][允悲]你还弄个完整版。。。 
451,0,[doge][doge][doge] 
452,0,天啊 
453,0,转发微博 
454,0,转发微博 
455,0,#3人伪造老干妈印章与腾讯签合同#活久见 ??
456,0,转发微博 
457,0,转发微博 
458,0,??? 
459,0,转发微博 
460,0,//@M大王叫我来巡山:我要笑死了……这是和骗子签的多深度的推广哦……//@孙策不与周郎便:太滑稽了吧 
461,0,@易川川川儿 来看大欺诈师深圳篇//@游研社:更新：#3人伪造老干妈印章与腾讯签合同#，目的是为了获取腾讯公司在推广活动中配套赠送的网络游戏礼包码。 http://t.cn/A6yh2zYS 
462,0,转发微博 
463,0,//@盒马:参与了4982亿大项目的合伙人前来报到！！！关注?点赞，再抽一人送超大公仔，给你一个超级大大大大大涌抱呀[给你小心心][给你小心心][给你小心心] 
464,0,转发微博 
465,0,//@闲鱼:看来闲鱼上求购老干妈已经是种文化了[费解]转发原微博并@ 一个好友和关注@森赛  ，7月18日抽送1000瓶老干妈和100支马应龙痔疮膏给1尊幸运屁股，然后另抽送10朵幸运菊，每人666元去还花呗畅游闲鱼 
466,0,@不长草的加菲猫 @24号豆豆 梦想还是要有的。。 
467,0,转发微博 
468,0,怎么这么好笑[允悲] 
469,0,笑死在微博里 
470,0,这是我一天的快乐源泉！哈哈哈哈哈哈哈哈哈哈哈！！ 
471,0,哈哈哈哈哈哈哈哈 
472,0,转发微博 
473,0,今年贡献的挺多的  希望被抽中  还花呗@天猫发言人  
474,0,来了来了 
475,0,转发微博 
476,0,哈喽？ 
477,0,哈哈哈哈哈几家龙头企业跟玩儿似的，古早狗血霸总文的不走心商战剧情//@西西里岛岛主金女士:我震惊了………//@吃瓜群众CJ:老干妈血赚//@江宁婆婆:[允悲][允悲][允悲]你还弄个完整版。。。 
478,0,是我 
479,0,哈哈哈哈哈哈哈笑的很大声 
480,0,//@一只娱推子:哈哈哈哈哈哈//@M大王叫我来巡山:以为是商战相爱相杀文，点进去发现是喜剧文//@纯良英俊的笑了笑:2020世纪虐恋//@这是一个很高冷的ID:哈哈哈哈哈哈哈哈哈//@圈酱:哈哈哈哈哈哈哈//@你不要脸的样子真可爱:草//@第十一毛:笑死哈哈哈哈哈 
481,0,不得不说大厂的广告业务部门人员真的水平堪忧 
482,0,[哈哈][哈哈][哈哈][哈哈][哈哈][哈哈] 
483,0,资瓷我女神维权！//@端木苏榭:腾讯昨天一大波卖萌，加这两天一大波内涵辣椒酱不健康真的很low……感情之前不是你们让职业选手空口塞辣椒似的？？//@_0段岫0_:冻了两个多月？？腾讯真踏马缺德啊[吐]//@吴邪手:老干妈的资产四月就冻结了，要知道现在是辣椒收获的季节，人家一家企业养活多少贵州的农民 
484,0,把ni的口粮给报销了！ 
485,0,也就五六七八万吧[晕] 
486,0,就是我[doge] 
487,0,鹅！你也有栽的时候啊！//@才不是大白喵 :哈哈哈哈哈哈哈 
488,0,//@小片片说大片:居然还是官方的 笑死我了[哈哈][哈哈][哈哈] 
489,0,//@麦田守望翁2: 玩鹰被鹰啄眼了！//@陈熙啊陈熙:腾讯：向来老子骗别人！谁想到…… 
490,0,啊啊啊啊啊 
491,0,哈哈哈哈哈[哈哈][哈哈] http://t.cn/A6y7ciMJ 
492,0,我的天。瓜瓜坠地 
493,0,真，打工人[微笑][awsl]对不起了天猫爸爸，因为加班错过了最后四小时血拼，难过，刚回家心不死还是又下单几罐面霜。。。救救孩子吧[泪] 
494,0,今天手机丢而复得，天猫定能继续持加些许运气[笑cry][笑cry] 
495,0,红红火火恍恍惚惚真是绝了 
496,0,转发微博 
497,0,痴线哈哈哈哈哈哈哈笑死我了//@游研社:更新：#3人伪造老干妈印章与腾讯签合同#，目的是为了获取腾讯公司在推广活动中配套赠送的网络游戏礼包码。 http://t.cn/A6yh2zYS 
498,0,转发微博 
499,0,转关 
500,0,给老干妈免费推广呢//@欧美二线品牌: 我大河南有啥特产可以如此操作呢[二哈]//@水盘六:这说明什么问题呢？凭着伪造的公章就可以和世界五百强企业之一的腾讯公司签合同吗……？这令人感到腾讯公司太有意思了……[哈哈][笑哈哈][允悲] 
501,0,转发微博 
502,0,马克 
503,0,哈哈哈哈哈@工程看了没 //@疯人院小王子:真的吗我不信//@月影蓝兰:爆炒企鹅肉//@鸠也子: 今天是什么纪念日吗//@大幸幸-逆转什么时候出新作:可聪明死你了，鹅撕了自己的嘴也不可能说自己员工工作都用的百度啊[馋嘴]//@暗香-暗香:笑死了????  http://t.cn/A6yhCIJd 
504,0,哈哈哈哈哈//@王小亚:哈哈哈哈哈够了够了//@秦祎墨:哈哈哈哈哈哈哈哈哈哈哈救命啊//@贝勒王duki:[允悲]//@画画的张旺:[允悲][允悲][允悲]//@万事风过耳:求文求文[笑cry]//@酿青椒:哈哈哈哈哈哈哈哈//@angel_groundwalker :哈哈哈哈哈哈哈哈//@每天都如此冷静 :哈哈哈哈哈 
505,0,//@千里兰://@elrond永玖 :恶心到家//@九霄快乐小熊_糕心甜蜜糖 :靠真他妈恶心?//@_0段岫0_ :冻了两个多月？？腾讯真踏马缺德啊[吐]//@壶三猫 :垄断企业就是牛逼啊//@吴邪手 :老干妈的资产四月就冻结了，两个月了，这也就是老干妈血厚，要知道现在是辣椒收获的季节，人家一家企业养活多少贵州 
506,0,//@依文秋莉 :当经济发展到某些企业成为寡头的时候，这些企业的龌龊和不堪就会毫不遮掩地展示出来，甚至不以为耻。现在的腾讯，就像百年前的美国托拉斯，在中国这样的社会主义国家出现这种东西，就是不正常的。 
507,0,//@我是阿册啊://@妖妖小精://@重工组长于彦舒://@卡了蛋儿kk:。。。//@萝卜特Robert:[吐]://@_0段岫0_:冻了两个多月？？腾讯真踏马缺德啊[吐]//@壶三猫:垄断企业就是牛逼啊//@吴邪手:老干妈的资产四月就冻结了，两个月了，这也就是老干妈血厚，要知道现在是辣椒收获的季节，人家一家企业养活多少贵州 
508,0,转发微博 
509,0,今年抢得有点辛苦 
510,0,中了就过双十二 
511,0,S走起来 
512,0,年年做贡献 
513,0,转发微博 
514,0,转发微博 
515,0,哈哈哈哈，好想笑 
516,0,//@神奇知识点:腾讯：“陶老太太，今天你这个钱还也得还，不还也得还！白纸黑字儿签着你的名儿……不然我就要上法院！” 陶碧华：“我说我不签，你非让我签，我签……告我去吧！” 腾讯：“我提醒您这可签着您的大名儿呢” 陶碧华：“我签的是啥？！” 腾讯：“老干妈？！” 
517,0,转发微博 
518,0,转发微博 
519,0,哈哈哈哈哈爆笑//@FioFioFioFiona:这回旋镖刺激//@来去之间://@昵称是马甲家的大学生:活久见系列……//@午后狂睡:……没想到鹅厂居然有一天也栽倒在了山寨品上，2020年着实刺激。 
520,0,我来啦 
521,0,哈哈哈哈哈哈哈午休起来看到这新闻真是哈哈哈哈哈哈哈哈哈哈笑死我了//@浪里赤条小粗林:我他妈笑死哈哈哈哈哈哈哈哈鹅你也有今天。这新闻反转真是比洋葱新闻都可乐哈哈哈哈哈哈哈哈哈哈。 
522,0,#3人伪造老干妈印章与腾讯签合同#   #90后模仿东方不败练成飞针绝技#   为什么今天的新闻都那么好笑哈哈哈哈哈哈哈哈哈哈 
523,0,#3人伪造老干妈印章与腾讯签合同#万万没想有生之年能看到腾讯吃哑巴亏[笑cry][笑cry] ??
524,0,转发微博 
525,0,#腾讯中午的辣椒酱突然不香了# 日前，腾讯和老干妈的一场“罗生门”引发关注，腾讯状告老干妈欠广告费，而老干妈表示，从未与腾讯进行任何商业合作。双方各执一词，一时之间看懵了一众网友。1日，贵阳市公安局双龙分分局发布通报称，初步查... http://t.cn/A6yhW9Bn ??
526,0,#央视调查腾讯老干妈诉讼事件# 央视新闻7月2日消息，6月29日，深圳市南山区人民法院的一则执行裁定书吸引了公众的注意，裁定书显示：因为被拖欠广告费，腾讯要求冻结老干妈名下1624.06万元财产。... http://t.cn/A6yzdDlL ??
527,0,转发微博 
528,0,冲啊 
529,0,转发微博 
530,0,转发微博 
531,0,转发微博 
532,0,转发微博 
533,0,喜闻乐见[赞]//@大概三只小诗叽吧:牛啊[笑而不语][赞][赞][赞] 
534,0,转发微博 
535,0,转发微博 
536,0,好噢[羞嗒嗒] 
537,0,[羞嗒嗒]44 
538,0,转发微博 
539,0,老乾媽賺了一波 
540,0,转发微博 
541,0,这哪能不转 
542,0,评论真的打算笑死我//@小唐小唐满是鱼塘: 哈哈哈哈哈哈哈哈哈哈哈受害鹅 http://t.cn/A6yhRP24 //@逸轩harmony: “总裁，老干妈资产已经申请查封了，已经在热搜晾了一天了！” “她认错了吗？” “她说我们认错人了。” 
543,0,//@灌江口驻花果山情感记录员://@谢琴酒:就说了卖人设是没有用的，鹅这种缺德企业没必要当看客是傻子哈://@壶三猫 :垄断企业就是牛逼啊//@吴邪手 :老干妈的资产四月就冻结了，两个月了，这也就是老干妈血厚，要知道现在是辣椒收获的季节，人家一家企业养活多少贵州的农民 
544,0,#3人伪造老干妈印章与腾讯签合同#笑死我了 腾讯：老干妈你欠我钱了老干妈：没有的事儿哈哈哈哈 ??
545,0,转发微博 
546,0,please 
547,0,鹅居然被骗了哈哈哈哈好凄惨子//@浪里赤条小粗林:我他妈笑死哈哈哈哈哈哈哈哈鹅你也有今天。这新闻反转真是比洋葱新闻都可乐哈哈哈哈哈哈哈哈哈哈。 
548,0,转发微博 
549,0,抽我！我！  
550,0,祝越来越好。  
551,0,这个瓜笑死我了//@呂玲綺:哈哈哈哈哈哈哈哈哈 
552,0,愿天下无假章//@魔力切:[笑cry]//@吃瓜群众CJ:老干妈血赚//@江宁婆婆:[允悲][允悲][允悲]你还弄个完整版。。。 
553,0,转发微博 
554,0,转发微博 
555,0,转发微博 
556,0,#3人伪造老干妈印章与腾讯签合同#[doge]#腾讯中午的辣椒酱突然不香了# 傻鹅子还得谢谢干妈帮你报案 ??
557,0,做的方下巴、T字截骨、双眼埋线，现在已经完全恢复了，稍微化点淡妆都感觉好漂亮#八大处# #上海九院# #下颌角磨骨# #3人伪造老干妈印章与腾讯签合同# 有整形问题可以咨询于我 ，免费为你解答哦 !也可扫描下方二维码进群与小伙伴们探讨交流哦~ ??
558,0,转发微博 
559,0,转发微博 
560,0,啊这哈哈哈哈哈 
561,0,#天猫双十一总交易额4982亿元#【网购“退款”警惕理赔陷阱】 消费者买的多，后面退货的事件也不少。与此同时，网络购物诈骗活动也开始爆发，各种“套路”让网友防不胜防。云南某女士网购一件200元的衣服时陷入“退款理赔”骗局，被诈骗了近20万元。11zEXCu14。看详情：双11后消费回归理性 网购“退款”警惕理赔陷阱
562,0,哈哈哈哈哈哈哈哈哈哈哈哈哈哈嗝 
563,0,转发微博 
564,0,//@howardjohn://@假装文人:转发微博 
565,0,拍出来会被骂死[笑cry]//@興高采烈罐罐罐:就 太惨了//@神田凰乐:[费解]//@blueclift :[费解][允悲][允悲][允悲][允悲][允悲][允悲] 
566,0,[允悲]//@神龙独步绿洛客:草，下半年的沙雕top竞争很激烈啊//@夏实-欧美圈住人 :草//@莱_格_ :太好笑了吧！！//@重工组长于彦舒 : ？是真的？//@-MIKIMILK- :卧槽，太好笑了//@-射命丸-文- : [笑cry][笑cry]//@种崎敦美 : hhhhhhh//@Sher-Holmes :草//@lyphix__今天hyriamb女装了么 :草 
567,0,[困]//@春宅的袖孖://@重生之我是謽剡醹蘤鵛戓賯龘://@夜锦君归:你是个什么东西你自己不知道？魏则西事件我可一直没忘记。//@泡芙泰勒:骗子集中地//@左手煙花右手流年:百度搜索什么德行，这不是明知故问吗。 
568,0,我去//@鬼笔君levine五行缺猫:想逼着老干妈替骗子赔它们钱吧//@玄学生儿育女法_bot:鬼鬼俺要看戏//@鸠也子: 太狠//@卡了蛋儿kk:。。。//@_0段岫0_:冻了两个多月？？腾讯真踏马缺德啊[吐]//@壶三猫:垄断企业就是牛逼啊//@吴邪手:老干妈的资产四月就冻结了，两个月了，这也就是老干妈血厚，要知 
569,0,转发微博 
570,0,转发微博 
571,0,//@阿里健康-医鹿:4982亿，感谢支持！关?转，抽1位千亿项目参与者送49.82[心]赞我有好运[爱你] 
572,0,有一说一，tx是内部出了问题还怪人家假的辣椒酱？脸呢？？？还营造无辜人设。 
573,0,转发微博 
574,0,转发微博 
575,0,老干妈赶紧反诉腾讯啊！！！！！侵犯名誉权！！！鹅自己脑残被骗，还买热搜诬陷老干妈骗人，赔钱！恢复名誉！！！[doge]（抵制肖战[怒]） 
576,0,[笑cry] 
577,0,转发微博 
578,0,太给力了，[来] 
579,0,转发 
580,0,//@小唐小唐满是鱼塘:哈哈哈哈哈哈哈哈哈哈哈受害鹅 http://t.cn/A6yhRP24 //@逸轩harmony:“总裁，老干妈资产已经申请查封了，已经在热搜晾了一天了！” “她认错了吗？” “她说我们认错人了。” 
581,0,[doge][doge] http://t.cn/A6yhdGML //@正在看这行文字的沙雕:当时广告语宣传真的傻啦吧唧的，赛车手：吃了老干妈，我的qq飞车开得更快了！[跪了][跪了][跪了][跪了]//@帅哥美女安利社:我真觉得老干妈没必要做广告 更没必要再那样类型的游戏上做广告[允悲] 
582,0,逗鹅冤[吃瓜] 
583,0,转发微博 
584,0,转发微博 
585,0,我来了我来了我来了 
586,0,笑死 企鹅肉 
587,0,转发微博 
588,0,转发微博 
589,0,#3人伪造老干妈印章与腾讯签合同#笑死，鹅你也有今天 ??
590,0,[awsl][awsl][awsl] 
591,0,啊啊啊啊冲啊 
592,0,转发微博 
593,0,哈哈哈哈哈哈哈哈哈哈哈哈//@天眼查:官方通报：为获取游戏礼包码，#3人伪造老干妈印章与腾讯签合同# ，已被刑拘。//@天眼查: #老干妈回应被腾讯起诉# ：未与腾讯有任何合作，腾讯被骗了；已报案。[吃瓜]鹅是不是需要开个天眼查VIP啊[doge] 
594,0,转发微博 
595,0,咿呀咿得喂  
596,0,？？？哈哈哈哈哈哈哈哈//@这是一个很高冷的ID:哈哈哈哈哈哈哈哈哈//@圈酱:哈哈哈哈哈哈哈//@你不要脸的样子真可爱:草//@第十一毛:笑死哈哈哈哈哈哈//@蕾欧阿帕姬:哈哈哈哈哈哈哈哈//@富冈义勇大侠:哈哈哈哈哈哈哈哈//@海姆冥界香蕉推销员:草哈哈哈哈哈哈哈哈哈哈//@白桃可可暴风雪:草草草 
597,0,最大赢家：BILIBILI[并不简单]//@林熊猫: 能深度采访一下骗子吗？//@李铁根:爱情的骗子我问你//@江南大野花:笑死了 鹅是真走心了//@月刊勇者KuMa君:得笑半年//@跳跳兲虎:真行为艺术了//@一格: 腾讯好委屈但是好好笑啊哈哈哈哈哈哈 
598,0,明目张胆得调侃真的好么？[doge] 
599,0,[汗][汗][汗]@DARK_MINOS 
600,0,我们老干妈还需要打广告吗？动哈脑子行不[允悲] 
601,0,请腾讯不要再营销了，向老干妈道歉 
602,0,转发微博 
603,0,转发微博 
604,0,转发微博 
605,0,哈哈哈马一下//@urnotDalun:真是绝了 
606,0,转发微博 
607,0,我我我！ 
608,0,//@专业戳轮胎熊律师:果然…… 
609,0,转发微博 
610,0,我去，有点搞笑 
611,0,我可以！（捶桌 
612,0,每年都要让你赚钱[喵喵] 
613,0,腾讯翻车了[允悲] 
614,0,我来了！ 
615,0,啊万一呢 
616,0,转发微博 
617,0,#3人伪造老干妈印章与腾讯签合同#2020活久见系列， 这三个人 这骚操作，南方必胜客这是输了吗[笑cry][笑cry][笑cry][笑cry] ??
618,0,也许呢[doge] 
619,0,//@向小田:有内味了。。。//@蓝宝熊喵://@都市怪诞录:cp组合叫：妈华腾//@万事风过耳:求文求文[笑cry]//@酿青椒:哈哈哈哈哈哈哈哈//@angel_groundwalker :哈哈哈哈哈哈哈哈//@每天都如此冷静 :哈哈哈哈哈哈哈哈哈哈 
620,0,转发微博 
621,0,转发微博 
622,0,hhhhh 
623,0,妈呀，笑死了[允悲][允悲][允悲]//@江宁婆婆 :一开始还以为是什么up主自制，结果我去b站看了一眼，这个视频真的是鹅厂官方发的[允悲][允悲][允悲] http://t.cn/A6yhBVWU 
624,0,//@famfamfam:鹅好贱//@从碎纸机里自杀:都冻结两个月了前两天腾讯还在那装傻白甜哦 臭不要脸//@_0段岫0_ :冻了两个多月？？腾讯真踏马缺德啊[吐]//@壶三猫 :垄断企业就是牛逼啊//@吴邪手 :老干妈的资产四月就冻结了，两个月了，这也就是老干妈血厚，要知道现在是辣椒收获的季节，人家一家企业养活多少 
625,0,救救孩子吧[大侦探皮卡丘微笑] 
626,0,哈哈哈哈哈哈哈哈哈哈哈哈哈哈哈 
627,0,哈哈哈哈哈哈笑死了 
628,0,回复@神奇知识点:太绝了哈哈哈哈 
629,0,哈哈哈哈哈哈哈哈哈哈哈哈哈哈哈哈哈哈哈哈哈哈哈哈哈哈哈哈哈//@Sally娜娜1212:一句话总结：真 乘风破浪的姐姐！国民女神——老干妈！ 
630,0,//@苏耷水://@卡了蛋儿kk:。。。//@九霄快乐小熊_糕心甜蜜糖:靠真他妈恶心?//@_0段岫0_:冻了两个多月？？腾讯真踏马缺德啊[吐]//@壶三猫:垄断企业就是牛逼啊//@吴邪手:老干妈的资产四月就冻结了，两个月了，这也就是老干妈血厚，要知道现在是辣椒收获的季节，人家一家企业养活多少贵州的农民 
631,0,！ 
632,0,？？？这也太狗血了吧哈哈哈哈哈哈 
633,0,南山必胜客 被三个玩游戏的耍了 
634,0,鹅 你居然被骗了 
635,0,鹅怕不是个傻白甜吧 
636,0,#3人伪造老干妈印章与腾讯签合同#鹅手遮天还阴阳怪气装什么委屈呢？不知道的还以为是老干妈欺负它呢？可别恶人先告状了，而且还有脸营销自己是傻白甜，傻白甜能在明知对方是受害人的情况下冻结对方资产吗？是不是所有大腹便便的爹味老油条出了事都洗白自己是傻白甜，我要恐傻白甜了。 ??
637,0,转发微博 
638,0,转发微博 
639,0,//@檀烧:哈哈666转危为机//@画小眉:挖槽百万公关，这是有互联网思维的公关团队啊，这回要出名了[允悲]//@桃醉: 鹅厂公关真的牛//@江宁婆婆:一开始还以为是什么up主自制，结果我去b站看了一眼，这个视频真的是鹅厂官方发的[允悲][允悲][允悲]  http://t.cn/A6yhBVWU 
640,0,这就有点尴尬了?，两个大企业还弄这么大的乌龙[笑cry][笑cry][笑cry]，这三个骗子火了估计 
641,0,转发微博 
642,0,[作揖][作揖]//@不能发芽的种子://@九霄快乐小熊_糕心甜蜜糖:靠真他妈恶心?//@_0段岫0_:冻了两个多月？？腾讯真踏马缺德啊[吐]//@壶三猫:垄断企业就是牛逼啊//@吴邪手:老干妈的资产四月就冻结了，两个月了，这也就是老干妈血厚，要知道现在是辣椒收获的季节，人家一家企业养活多少 
643,0,转发微博 
644,0,转发微博 
645,0,转发微博 
646,0,？梦 幻 联 动 
647,0,我…来当分母 
648,0,转发微博 
649,0,真是妹想到 
650,0,414
651,0,来了 
652,0,没想到吧[doge] 
653,0,我的的确确是笑到飞起 
654,0,转发微博 
655,0,哈哈哈哈哈哈哈//@浪里赤条小粗林:我他妈笑死哈哈哈哈哈哈哈哈鹅你也有今天。这新闻反转真是比洋葱新闻都可乐哈哈哈哈哈哈哈哈哈哈。 
656,0,[打call] 
657,0,鹅 我心疼你//@仓酱_:哈哈哈哈哈哈哈哈哈哈哈这也太好笑了 鹅你怎么还被骗了！！！//@浪里赤条小粗林:我他妈笑死哈哈哈哈鹅你也有今天。这新闻反转真是比洋葱新闻都可乐哈哈哈哈哈哈哈哈 
658,0,[兔子] 
659,0,转发微博 
660,0,转发微博 
661,0,害 
662,0,??//@超级水流漩涡兔:四月就。。//@Keyes小木://@阿脫幸運F-:真的不要臉//@捂臉遁走 :…我以为就2天//@九霄快樂小熊_糕心甜蜜糖 :靠真他妈恶心//@_0段岫0_ :冻了两个多月？？腾讯真踏马缺德啊[吐]//@吳邪手 :老干妈的资产四月就冻结了，两个月了，这也就是老干妈血厚，要知道现在是辣椒收获的 
663,0,万一呢[嘻嘻][嘻嘻] 
664,0,转发微博 
665,0,我花的不多 如果抽中我了多亏啊[喵喵] 
666,0,[色][色] 
667,0,转发微博 
668,0,生日许个愿吧 购物车我包了你的@喜欢范小朋友的第四年 
669,0,//@商经法刘安琪:怡宝宝讲的好！ 
670,0,今年买了好多[悲伤] 
671,0,转发微博 
672,0,还说啥，转一个 
673,0,转发微博 
674,0,转发微博 
675,0,万万没想到老干妈成了最大赢家，人在家中坐? 从天上来哈哈哈哈哈哈哈哈 
676,0,企鹅被骗，八方点赞 我喜欢老干妈[doge] 
677,0,这也太用心了//@林熊猫:能深度采访一下骗子吗？//@李铁根:爱情的骗子我问你//@江南大野花:笑死了 鹅是真走心了//@月刊勇者KuMa君:得笑半年//@跳跳兲虎:真行为艺术了//@一格: 腾讯好委屈但是好好笑啊哈哈哈哈哈哈 
678,0,重在参与  
679,0,来了！ 
680,0,这个梳理之后更好笑了，还是老干妈帮忙报警哈哈哈哈 
681,0,哈哈哈哈哈哈哈//@转基因辣酱:笑死，妈化腾[作揖] 
682,0,转发微博 
683,0,//@玄学生儿育女法_bot:鬼鬼俺要看戏//@鸠也子: 太狠了//@阿二不是黑涩会://@荒村DNS://@不能发芽的种子://@菜叶子爱好者://@苏耷水://@卡了蛋儿kk:。。。////@_0段岫0_:冻了两个多月？？腾讯真踏马缺德啊[吐]//@壶三猫:垄断企业就是牛逼啊//@吴邪手:老干妈的资产四月就冻结了，两个月了，这也就是老干 
684,0,@HOHO酱紫 @故烧高烛照红妆 我可以 
685,0,哈哈哈哈，年度沙雕新闻没跑了[doge] 
686,0,不行了哈哈哈哈哈哈哈你也有今天//@九三JD:这事是好笑到家了[允悲]//@贰臣_想变得高产:？[允悲][允悲][允悲]//@受到庇佑心想事成的住持:？？？//@游研社:#3人伪造老干妈印章与腾讯签合同#，目的是为了获取腾讯公司在推广活动中配套赠送的网络游戏礼包码。 http://t.cn/A6yh2zYS 
687,0,[吃瓜][吃瓜][吃瓜] 
688,0,转发微博 
689,0,414
690,0,//@风闻社区: //@赵脱俗: 卧槽…从来没想到这视频每次换套字幕都能这么搞笑，今天这段还有好几处口型都对上了。[笑cry] 
691,0,[允悲] 
692,0,转发微博 
693,0,我就是笑出猪叫声那个[笑cry] 
694,0,哈哈哈哈哈哈哈哈哈哈哈哈哈哈哈 
695,0,也许是腾讯做了一个局，老干妈急中生智；也许是腾讯和老干妈一起做的局；也许是老干妈和当地警方做了一个局；也许是老干妈和当地政府、公安共同做了一个局通；也许更复杂；也许更简单；也许既更复杂又既更简单……谁知道呢？真相一经发生便不复存在，剩下的只是对于所谓“真相”的解释。 
696,0,转发微博 
697,0,我来了 
698,0,我今年怕不是疯了 
699,0,腾讯都能被骗[允悲] 
700,0,//@M大王叫我来巡山:我要笑死了……这是和骗子签的多深度的推广哦……//@孙策不与周郎便:太滑稽了吧 
701,0,转发微博 
702,0,转发微博 
703,0,转发微博 
704,0,#3人伪造老干妈印章与腾讯签合同#居然只是为了个赠品…… ??
705,0,救救孩子 吃不起饭了 
706,0,也是个参与这么大项目的人了 
707,0,[加油][心] 
708,0,草哈哈哈哈哈哈哈哈哈哈哈哈哈哈哈哈哈哈哈哈哈哈哈哈哈哈哈哈哈哈哈哈哈哈哈哈哈哈哈哈哈腾讯居然被骗了哈哈哈哈哈哈哈哈哈哈哈哈哈哈哈哈哈哈哈哈 
709,0,笑死 企鹅肉 
710,0,转发微博 
711,0,吃到一个富有搞笑内涵又有点让人生气的瓜哈 
712,0,鹅[吃瓜] 
713,0,[并不简单][并不简单] 
714,0,原来不仅我会被骗，腾讯也会[笑cry] 
715,0,[doge]企鹅牛逼 
716,0,人生应该怀抱希望的  
717,0,[打call] 
718,0,转发微博 
719,0,(⊙o⊙)哇 
720,0,笑死，企鹅肉 
721,0,哈哈哈哈哈上半年最搞笑新闻 
722,0,??? 
723,0,买不了49999 
724,0,转发微博 
725,0,转发微博 
726,0,转发微博 
727,0,来了[awsl] 
728,0,转发微博 
729,0,转发微博 
730,0,疯狂? 购物车 
731,0,转发微博 
732,0,转发微博 
733,0,//@威锋网: [二哈] 
734,0,隔岸观火，没想着往自家烧来了[笑cry] 
735,0,转发微博 
736,0,转发微博 
737,0,我参与了@第一财经日报 发起的投票【双十一你花了多少钱？】，我投给了“5000以上”这个选项，你也快来表态吧~ 
738,0,//@凌凌迭://@秋唧唧Garuru:惨//@渣洁:官方草//@江宁婆婆 :一开始还以为是什么up主自制，结果我去b站看了一眼，这个视频真的是鹅厂官方发的[允悲][允悲][允悲] http://t.cn/A6yhBVWU 
739,0,转发微博 
740,0,哈哈哈//@我滴爸爸:哈哈哈，腾讯这次玩的笑死我了，打官司没输过的腾讯这败给老干妈了[允悲] 
741,0,缺大德//@言炎芝士奶茶 ://@谢琴酒 :就说了卖人设是没有用的，鹅这种缺德企业没必要当看客是傻子哈://@_0段岫0_ :冻了两个多月？？腾讯真踏马缺德啊[吐]//@壶三猫 :垄断企业就是牛逼啊//@吴邪手 :老干妈的资产四月就冻结了，两个月了，这也就是老干妈血厚，要知道现在是辣椒收获的季节，人家一家企 
742,0,转走~  
743,0,鹅厂是来搞笑的吧！？[允悲][允悲] 看着跟假新闻似的，不过这也是人才，空手套礼包码倒卖。 那买了这些礼包码的玩家要怎么办，鹅厂会封账号删道具吗？ 
744,0,//@Saramonte成长期:换个无名氏小公司现在已经被搞死了。老干妈回应腾讯从来没催收，那热搜的事情不就是一场自导自演么[吃瓜]这么强的公关细思极恐哦，瞬间把所有人的目光从自身问题矛盾核心偏移开，全玩梗去了 http://t.cn/A6y78CcE //@老娘想不出名字老:并不憨不然也不会让法院冻结财产，幸好老干妈 
745,0,//@风小餮tie:？！//@快递员吴彦祖:这种做法真没意思//@然后下面就没了:。。。//@M大王叫我来巡山:老干妈真是倒了血霉了//@妖妖小精://@萝卜特Robert:[吐]://@吴邪手:老干妈的资产四月就冻结了，两个月了，这也就是老干妈血厚，要知道现在是辣椒收获的季节，人家一家企业养活多少贵州的农民 
746,0,//@神奇知识点:腾讯：“陶老太太，今天你这个钱还也得还，不还也得还！白纸黑字儿签着你的名儿……不然我就要上法院！” 陶碧华：“我说我不签，你非让我签，我签……告我去吧！” 腾讯：“我提醒您这可签着您的大名儿呢” 陶碧华：“我签的是啥？！” 腾讯：“老干妈？！” 
747,0,我 
748,0,危机公关真的成功//@静居-RS:①鹅从来都不是傻白甜②鹅给老干妈宣传了近一年，可是没有近期这个乌龙事件，我甚至不知道他们两个有合作，以后找鹅宣传前要深思③昨天一天就像在看鹅唱独角戏一样，最后还冻结资金，对老干妈来说，就像无妄之灾 
749,0,[允悲] 
750,0,转发微博 
751,0,转发微博 
752,0,坐等星星落在我头上 
753,0,转发微博 
754,0,//@史诗奇幻小酒馆:不同情。//@酿青椒: 一贯恶霸的鹅厂卖惨卖傻营销而已，别同情它//@被_吃饱睡好身体好 :把舆论危机转成营销吧，鹅厂还是很有头脑的。丢的脸和被骗的钱回不来了趁着热度在赶紧做一波傻憨憨+自嘲人设顺便反向营销一下qq飞车// 
755,0,真是笑死//@依晴Emma:你干妈还是你干妈//@楚惜刀:老干妈有气运在身啊//@画小眉: //@一只贫穷的毛毛毛: 建议影视化//@卡李 :欧莱雅都比不了的欧气[赞]//@harps :老干妈和榨菜萝卜干将是未来三十年的可乐//@庄珂瑷 :这…[允悲][允悲][允悲]//@江宁婆婆 :[允悲][允悲][允悲]你还弄个完整版。。。 
756,0,刚刚隔壁中了个? ，请问你能帮忙还花呗吗[奥特曼] 
757,0,本打工人来了 
758,0,#3人伪造老干妈印章与腾讯签合同#没有想到腾讯也会被骗这回丢脸丢大了[哈哈][哈哈][哈哈] ??
759,0,转发微博 
760,0,我也参与了这个4982亿的大项目[打call] 
761,0,吃相太难看，支持老干妈，为腾讯点赞[互粉] 
762,0,支持老干妈，为腾讯点赞[互粉] 
763,0,@冘冘儿:支持老干妈，为腾讯点赞[互粉][互粉][互粉] 
764,0,转发微博 
765,0,转发微博 
766,0,@Oikos官网微博 @见龙在_田 @开天者czm 
767,0,南山必胜客竟然哈哈哈哈哈哈哈哈哈哈哈哈哈哈哈哈哈 
768,0,转发微博 
769,0,转发微博 
770,0,//@福禄寿喜吉祥茶:[黑线]//@煌豹小队长 :D区//@亚尼大帝 //@风墨大仙儿 :四月就宁可错杀地冻了别人还好意思说自己是个被骗的憨憨？？//@忆海璇心 :鹅别营销洗白了//@鞋袜一笑 :傻白甜？//@壶三猫 :垄断企业就是牛逼啊//@吴邪手中的冷烟火 :老干妈的资产四月就冻结了，两个月了，这也就是老干妈血厚 
771,0,妈！这真的很好笑！哈哈哈哈哈哈哈哈哈！ 
772,0,哈哈哈哈哈哈哈哈哈我笑死了 
773,0,今年买的不算少 试试呢  
774,0,笑死 企鹅肉 
775,0,卧槽薅鹅毛了 
776,0,转发微博 
777,0,今年真的什么魔幻事情都有 
778,0,腾讯竟然都能被骗？ 
779,0,哈哈哈哈哈哈哈哈哈哈哈哈鹅? 
780,0,哈哈哈哈哈哈哈哈哈哈哈哈哈哈鹅[允悲] 
781,0,笑晕过去哈哈哈哈哈哈哈哈哈哈哈 
782,0,qwq 
783,0,?? 
784,0,转发微博 
785,0,转发微博 
786,0,鹅也有今天[吃瓜][吃瓜]//@昵称是马甲家的大学生:活久见系列……//@午后狂睡:……没想到鹅厂居然有一天也栽倒在了山寨品上，2020年着实刺激。 
787,0,[可爱] 
788,0,转发微博 
789,0,@天猫发言人 
790,0,转发微博 
791,0,必须转 
792,0,[偷笑]//@来去之间: //@昵称是马甲家的大学生:活久见系列……//@午后狂睡:……没想到鹅厂居然有一天也栽倒在了山寨品上，2020年着实刺激。 
793,0,笑死 
794,0,哈哈哈哈哈哈//@酱油推文君 :笑死我了哈哈哈哈哈哈//@林水妖 :值得一个月流水三十万 
795,0,转发微博 
796,0,//@海吧分析吧:[二哈]就差一个360了，一会会不会出来说鹅场工作人员用的360浏览器上的百度搜索 
797,0,//@午夜南瓜阴阳人随机数:不好笑，公关过头了 
798,0,//@妇女之敌罗严塔://@第二人造天堂:[笑cry]//@bennyal: //@Finance鸟不飞:腾讯约百度去爬山啊[哈哈]//@崔紫剑:[笑cry][笑cry][笑cry][笑cry]//@风闻社区://@赵脱俗: 卧槽…从来没想到这视频每次换套字幕都能这么搞笑，今天这段还有好几处口型都对上了。[笑cry] 
799,0,快乐呀 
800,0,//@TesLA_422://@王豖://@我是烤鸭不是企鹅:姑且不谈冻结，毕竟原告有这个权利，但腾讯发现后居然连个道歉也没有，还不要脸的给自己营造傻白甜人设，这波操作更恶心！！！???//@sunsun闪:打官司不通知人家，直接就判了 
801,0,hhhhh 
802,0,//@保持自闭_KKia://@這裡是黄瓜://@雪小焰://@阿脫幸運F-://@捂臉遁走 :…我以为就2天//@不能發芽的種子 ://@菜葉子愛好者 ://@九霄快樂小熊_糕心甜蜜糖 :靠真他妈恶心?//@_0段岫0_ :冻了两个多月？？腾讯真踏马缺德啊[吐]//@吳邪手 :老干妈的资产四月就冻结了，两个月了，这也就是老干妈血厚 
803,0,//@端木苏榭:腾讯昨天一大波卖萌，加这两天一大波内涵辣椒酱不健康真的很low……感情之前不是你们让职业选手空口塞辣椒似的？？//@_0段岫0_:冻了两个多月？？腾讯真踏马缺德啊[吐]//@吴邪手:老干妈的资产四月就冻结了，两个月了，这也就是老干妈血厚，要知道现在是辣椒收获的季节，人家一家企业养活多 
804,0,真的笑死了哈哈哈哈哈哈哈哈哈 
805,0,#3人伪造老干妈印章与腾讯签合同# 这?是果然有意思的哈哈哈哈哈[允悲][允悲][允悲]忽然有点同情鹅了[笑cry] ??
806,0,#3人伪造老干妈印章与腾讯签合同#[哆啦A梦吃惊] ??
807,0,亿中人哈哈哈哈哈哈哈哈哈 
808,0,@高甜月野兔 哈哈哈哈哈 
809,0,[允悲][允悲][允悲] 
810,0,希望好好调查一下，挽回公.信.力吧。这事处处透着诡异。 
811,0,#3人伪造老干妈印章与腾讯签合同#真的没有想到现在还有这样的事情，可无语啊 http://t.cn/R2WxQ6L ??周口·商水县
812,0,转发微博 
813,0,@严谈股市 @安利菌 @叶草灵丹 超喜欢吃老干妈[微笑]，支持@Jay_OKEX_CEO [good] 
814,0,转发微博 
815,0,转发微博 
816,0,转发微博 
817,0,哈哈哈哈哈 
818,0,转发微博 
819,0,我觉得你先和马应龙联动下；这次记得查人家身份 
820,0,分母加个我！  
821,0,默默转一发  
822,0,中 
823,0,真是天道好轮回啊[二哈]//@午后狂睡:……没想到鹅厂居然有一天也栽倒在了山寨品上，2020年着实刺激。 
824,0,//@sy3327:哈哈哈哈哈哈//@让我好好想一想叫啥:老干妈反告一波未经允许使用自己的商标 
825,0,哈哈哈哈哈哈哈 
826,0,哈//@有够搞笑的呢 :你也有今天小企鹅[doge][doge]//@克里斯gmail :腾讯被骗了？[允悲][允悲] 
827,0,越看越好笑//@玄学生儿育女法_bot:哈哈哈哈哈哈哈//@玉川欧皇:哈哈哈哈//@剧荒终结者:艹//@草bot:草//@Cola炸鸡-: 草//@山姆森_:草//@全撸剩饭:草//@Agent_Leviathan: 那真的牛逼//@麒璁韩洞:？？？[费解][费解][费解] 
828,0,转发微博 
829,0,？？？ 
830,0,你状告老千妈干我老干妈何事？[哈哈] 
831,0,转发微博 
832,0,转发微博 
833,0,转发微博 
834,0,转发微博 
835,0,转发微博 
836,0,[哼] 
837,0,转发微博 
838,0,转发微博 
839,0,转发微博 
840,0,厉害了[允悲][允悲][允悲] 
841,0,转发微博 
842,0,转发 
843,0,[月亮][惊奇队长][哈欠] 
844,0,锦鲤转发 
845,0,转发微博 
846,0,转发微博 
847,0,这尼玛的操作笑死我 
848,0,转发微博 
849,0,转发微博 
850,0,试试 
851,0,玩鹰的让鹰啄了眼 
852,0,害看看热闹 
853,0,[太开心]//@用户7472381350会飞的鱼:转发微博 
854,0,笑死 企鹅肉 也有今天→_→ 
855,0,[笑而不语] 
856,0,原来是造游戏的被骗子给游戏了一把[允悲][允悲][允悲][允悲] 
857,0,一个资深[允悲][允悲][允悲]玩游戏的老流氓，别3个玩游戏的新流氓给骗了，这个可以拍成了连续剧。 
858,0,继续看戏 
859,0,强！ 
860,0,转发微博 
861,0,我怎么有点开心？[doge] 
862,0,6666666，鹅也有吃瘪的一天呀 
863,0,//@诗债累累:哈哈哈哈哈哈哈//@考古君:被辣的眼泪止不住[喵喵]//@江宁婆婆:一开始还以为是什么up主自制，结果我去b站看了一眼，这个视频真的是鹅厂官方发的[允悲][允悲][允悲] http://t.cn/A6yhBVWU 
864,0,这合同负责人是吃干饭的吗？？？ 
865,0,我参与了@新浪科技 发起的投票【3人伪造老干妈印章与腾讯签合同，你怎么看？】，我投给了“鹅厂年度丢脸之最”这个选项，你也快来表态吧~ 
866,0,哈哈哈哈哈 可是骗子图什么？给老干妈打广告吗？ 
867,0,//@烈枫: 这个太离谱了吧，你信么？ 
868,0,转发微博 
869,0,转发微博 
870,0,人在智慧上应当是明豁的，道德上应该是清白的，身体上应该是洁净的[大毛惊讶][小黄人微笑] 
871,0,转发微博 
872,0,转发微博 
873,0,转发微博 
874,0,//@-魔君:今年过于魔幻哈哈哈//@宣和一人:@当当创始人李国庆 ：你们知道我当初为什么去抢章了吧 
875,0,啊哈哈哈哈啊哈//@-魔君:今年过于魔幻哈哈哈//@宣和一人:@当当创始人李国庆 ：你们知道我当初为什么去抢章了吧 
876,0,没有鹅厂法务部打不赢的官司[允悲]如果找不到被告呢？…//@Ehciarf:2020年度沙雕新闻冠军 
877,0,//@想睡觉的算://@不能发芽的种子 ://@九霄快乐小熊_糕心甜蜜糖 :靠真他妈恶心?//@_0段岫0_ :冻了两个多月？？腾讯真踏马缺德啊[吐]//@壶三猫 :垄断企业就是牛逼啊//@吴邪手 :老干妈的资产四月就冻结了，两个月了，这也就是老干妈血厚，要知道现在是辣椒收获的季节，人家一家企业养活多少 
878,0,剁碎做成辣椒酱吧//@离枝枝第五季:哈哈哈哈哈哈哈哈哈哈哈哈哈哈哈哈哈哈哈哈哈哈哈哈哈哈哈哈哈哈哈哈哈哈哈哈//@桑德拉J:腾讯这个不要脸的毒鹅 
879,0,@MXC抹茶 @真本聪RealSatoshi @OKEX 
880,0,真的吗？[doge] 
881,0,记忆的村庄 
882,0,在最深的红尘里漫步 
883,0,转发微博 
884,0,没买多少的人会很亏吗 
885,0,来一个 
886,0,蛤蛤蛤蛤蛤蛤 
887,0,转发微博 
888,0,笑出声[笑cry][笑cry][笑cry] 
889,0,转发微博 
890,0,转发微博 
891,0,转发微博 
892,0,//@浪里赤条小粗林:该敲打鹅了……老干妈这次真的飞来横祸//@阿下:好好查查//@仓酱_:这么看来 如果不是老干妈，别的中小企业早被它整死了//@吴邪手中的冷烟火:老干妈的资产四月就冻结了，两个月了，这也就是老干妈血厚 
893,0,转发微博 
894,0,666
895,0,转发微博 
896,0,转发微博 
897,0,#3人伪造老干妈印章与腾讯签合同#鹅你再也不骚了！你是只傻鹅还是个傻大款[允悲][允悲][允悲] ??
898,0,啊这 
899,0,哈哈哈哈哈哈哈哈哈哈//@仓酱_:哈哈哈哈哈哈哈哈哈哈哈这也太好笑了 鹅你怎么还被骗了！！！//@浪里赤条小粗林:我他妈笑死哈哈哈哈鹅你也有今天。这新闻反转真是比洋葱新闻都可乐哈哈哈哈哈哈哈哈 
900,0,哈哈哈 
901,0,转发微博 
902,0,??????继好几年前美的被诈骗后另一令我咋舌的新闻哈哈哈哈哈哈哈哈哈 
903,0,转发微博 
904,0,哈哈哈哈哈哈哈//@暗香-暗香:笑死了???? http://t.cn/A6yhCIJd 
905,0,哈哈哈哈哈哈哈哈哈哈哈哈哈哈哈哈哈哈哈哈哈哈哈哈哈哈哈哈哈哈哈哈哈哈哈哈哈哈哈哈哈哈哈哈 
906,0,//@林熊猫 :我觉得QQ飞车血赚，绑上个国民IP。//@吃瓜群众CJ :老干妈血赚//@江宁婆婆 :[允悲][允悲][允悲]你还弄个完整版。。。 
907,0,//@毒舌列文: 跟最近的“黄金造假案”一样，都是电影的绝佳素材啊，不过你懂的，这种现实题材电影往往是想拍但拍不出来的！//@幻想狂劉先生:骗子冒着卖白粉的风险去赚卖白菜的钱，号称南山区战无不胜的鹅肠法务闹了个低级大乌龙，只有老干妈原地迷惑，有没有独具慧眼的导演改编成电影指定能火。 
908,0,转发微博 
909,0,不想恰土 
910,0,转发微博 
911,0,我笑吐了哈哈哈哈哈哈哈哈哈哈哈哈哈哈哈哈哈哈哈哈哈哈哈哈哈操为了游戏大礼包 
912,0,转发微博 
913,0,唉 抽中我才有意思 
914,0,就试试？虽然买得不多。 
915,0,哈哈哈哈真的吗 
916,0,转发微博 
917,0,笑得//@罗曼蒂克减肥史:这能挣多少钱啊？//@李大米Lidami:腾讯会被骗Orz 
918,0,来试试 
919,0,谢谢有笑到//@吃瓜群众CJ:老干妈血赚//@江宁婆婆:[允悲][允悲][允悲]你还弄个完整版。。。 
920,0,转发微博 
921,0,转发微博 
922,0,转发微博 
923,0,//@商经法刘安琪:怡宝宝讲的好！ 
924,0,//@哈中-柏杜法考教育:#老干妈上架1000瓶辣椒酱回应腾讯# #3人伪造老干妈印章与腾讯签合同# 热点问题解读[来][来][来] @刑法杨攀 老师“老干妈”案刑法学分析：http://t.cn/A6ywa1DL 田少帅“老干妈”案民法学分析[能量少女耶]都有啦~ 
925,0,艹，就为了骗游戏礼包倒卖？ 
926,0,//@大巴车driver_QAQ:行骗天下中国篇是吧 
927,0,来了来了 
928,0,转发微博 
929,0,[太阳] 
930,0,我的 
931,0,完胜 
932,0,转发微博 
933,0,提前恭喜幸运儿 
934,0,转发微博 
935,0,转发微博 
936,0,[害羞]//@用户7472381350会飞的鱼:转发微博 
937,0,转发微博 
938,0,//@神奇知识点:腾讯：“陶老太太，今天你这个钱还也得还，不还也得还！白纸黑字儿签着你的名儿……不然我就要上法院！” 陶碧华：“我说我不签，你非让我签，我签……告我去吧！” 腾讯：“我提醒您这可签着您的大名儿呢” 陶碧华：“我签的是啥？！” 腾讯：“老干妈？！” 
939,0,转发微博 
940,0,//@Ehciarf:2020年度沙雕新闻冠军 
941,0,//@肉山大國王://@米亚基:？？？//@我是你们的安炭炭呀:？？两个多月？//@_CHiRO_:冻了两个多月………腾讯卖个头的萌////@谢琴酒 :就说了卖人设是没有用的，鹅这种缺德企业没必要当看客是傻子哈://@_0段岫0_ :冻了两个多月？？腾讯真踏马缺德啊[吐]//@壶三猫 :垄断企业就是牛逼啊 
942,0,转发微博 
943,0,转发 
944,0,我笑死哈哈哈哈哈哈哈哈哈 
945,0,转发微博 
946,0,#百度搜索 手里的瓜突然不香了##腾讯中午的辣椒酱突然不香了##3人伪造老干妈印章与腾讯签合同# 哈哈哈哈哈哈哈，笑死我了 ??
947,0,? 
948,0,转发微博 
949,0,反诉反诉，快反诉腾讯侵权使用你们老干妈品牌做游戏广告@老干妈风味食品[吃瓜][吃瓜][吃瓜] 
950,0,#3人伪造老干妈印章与腾讯签合同# 反诉反诉，快反诉腾讯侵权使用你们老干妈品牌做游戏广告@老干妈风味食品[吃瓜][吃瓜][吃瓜] 
951,0,转发微博 
952,0,转发微博 
953,0,转发微博 
954,0,都没有这么幸运过#天猫双十一成交额4982亿# 
955,0,[失望] 
956,0,[害羞]//@用户7472381350会飞的鱼:转发微博 
957,0,[亲亲]//@用户7472381350会飞的鱼:转发微博 
958,0,转发微博 
959,0,[哈欠] 
960,0,[思考]//@用户7472381350会飞的鱼:转发微博 
961,0,#3人伪造老干妈印章与腾讯签合同#看一次，笑一次。刚下半年第一天，年度沙雕排行榜就有名额产生了。我还真不知道说啥好了[笑哈哈] ??
962,0,哈哈哈哈哈哈//@逸轩harmony:“总裁，老干妈资产已经申请查封了，已经在热搜晾了一天了！” “她认错了吗？” “她说我们认错人了。” 
963,0,哈哈哈，大号中老干妈，绝了[笑cry] ??
964,0,[喵喵]//@用户7472381350会飞的鱼:转发微博 
965,0,[好喜欢]//@用户7472381350会飞的鱼:转发微博 
966,0,[兔子]//@用户7472381350会飞的鱼:转发微博 
967,0,转发微博 
968,0,转发微博 
969,0,[doge]//@用户7472381350会飞的鱼:转发微博 
970,0,2020年天猫双11成交额突破4982亿，超过2019年双十一成交额的2684亿，今年双十一你贡献了多少？#双十一# #双十一回血之战# #双11战报# #你最后网购的那个东西拥有了2万倍# #双11啥都没买是省了还是亏了# ? ?#加盐会计学院# #加盐婷婷老师带你学会计# ??
971,0,转发微博 
972,0,转发微博 
973,0,腾讯：？？？？？？？ 
974,0,[doge][doge][doge] 
975,0,哈哈哈//@嗦一口小甜茶_:百度：不是吧阿sir，看我干啥，吃瓜也犯法？[doge] 
976,0,[二哈]//@用户7472381350会飞的鱼:转发微博 
977,0,转发微博 
978,0,转发微博 
979,0,转发微博 
980,0,转发微博 
981,0,[污]//@用户7472381350会飞的鱼:转发微博 
982,0,转发微博 
983,0,[打call] 
984,0,转发微博 
985,0,转发微博 
986,0,转发微博 
987,0,转发微博 
988,0,转发微博 
989,0,[哈欠]//@用户7472381350会飞的鱼:转发微博 
990,0,[憧憬]//@用户7472381350会飞的鱼:转发微博 
991,0,看过，冲着孔艺珍去的，结果发现这个电影情节太多让人吐槽的地方，而且孙艺珍扮演的谈判专家谈判技巧太一般，基本没啥说服力，这谁写的剧本？失败！！ 
992,0,转发微博 
993,0,转发微博 
994,0,[好喜欢]会不会是渺小的我中奖了呢？ 
995,0,转发微博 
996,0,//@ZORRO-TANG:这就是鹅厂风格？打广告和人家没有联系？钱没到位不催收？打官司不先和人家通气？判决结果也是通过媒体知道的？全程一人唱独角戏？？？真以为地球围他转了？ 
997,0,转发微博 
998,0,幸运的大锤砸中我吧！ 
999,0,[doge]//@用户7472381350会飞的鱼:转发微博 
1000,0,[心]//@用户7472381350会飞的鱼:转发微博 
1001,0,[笑而不语]//@用户7472381350会飞的鱼:转发微博 
1002,0,转发微博 
1003,0,转发微博 
1004,0,转发微博 
1005,0,转发微博 
1006,0,[可怜]//@用户7472381350会飞的鱼:转发微博 
1007,0,[思考]//@用户7472381350会飞的鱼:转发微博 
1008,0,转发微博 
1009,0,转发微博 
1010,0,转发微博 
1011,0,转发微博 
1012,0,转发微博 
1013,0,转发微博 
1014,0,转发微博 
1015,0,转发微博 
1016,0,[鲜花]//@用户7472381350会飞的鱼:转发微博 
1017,0,[污]//@用户7472381350会飞的鱼:转发微博 
1018,0,转发微博 
1019,0,转发微博 
1020,0,转发微博 
1021,0,转发微博 
1022,0,[害羞]//@用户7472381350会飞的鱼:转发微博 
1023,0,[doge]//@用户7472381350会飞的鱼:转发微博 
1024,0,转发微博 
1025,0,转发微博 
1026,0,转发微博 
1027,0,转发微博 
1028,0,转发微博 
1029,0,转发微博 
1030,0,[二哈]//@用户7472381350会飞的鱼:转发微博 
1031,0,[并不简单]//@用户7472381350会飞的鱼:转发微博 
1032,0,转发微博 
1033,0,[嘻嘻]//@用户7472381350会飞的鱼:转发微博 
1034,0,转发微博 
1035,0,转发微博 
1036,0,转发微博 
1037,0,转发微博 
1038,0,转发微博 
1039,0,转发微博 
1040,0,[熊猫]//@用户7472381350会飞的鱼:转发微博 
1041,0,[吃瓜]//@用户7472381350会飞的鱼:转发微博 
1042,0,[心]//@用户7472381350会飞的鱼:转发微博 
1043,0,[兔子]//@用户7472381350会飞的鱼:转发微博 
1044,0,[doge]//@用户7472381350会飞的鱼:转发微博 
1045,0,转发微博 
1046,0,[太开心]//@用户7472381350会飞的鱼:转发微博 
1047,0,转发微博 
1048,0,[思考]//@用户7472381350会飞的鱼:转发微博 
1049,0,转发微博 
1050,0,[好爱哦]//@用户7472381350会飞的鱼:转发微博 
1051,0,[鼓掌]//@用户7472381350会飞的鱼:转发微博 
1052,0,转发微博 
1053,0,转发微博 
1054,0,[可怜]//@用户7472381350会飞的鱼:转发微博 
1055,0,转发微博 
1056,0,[亲亲]//@用户7472381350会飞的鱼:转发微博 
1057,0,[亲亲]//@用户7472381350会飞的鱼:转发微博 
1058,0,转发微博 
1059,0,[挤眼]//@用户7472381350会飞的鱼:转发微博 
1060,0,[亲亲]//@用户7472381350会飞的鱼:转发微博 
1061,0,[熊猫]//@用户7472381350会飞的鱼:转发微博 
1062,0,[害羞]//@用户7472381350会飞的鱼:转发微博 
1063,0,[吃瓜]//@用户7472381350会飞的鱼:转发微博 
1064,0,[太开心]//@用户7472381350会飞的鱼:转发微博 
1065,0,转发微博 
1066,0,[嘻嘻]//@用户7472381350会飞的鱼:转发微博 
1067,0,转发微博 
1068,0,转发微博 
1069,0,[舔屏]//@用户7472381350会飞的鱼:转发微博 
1070,0,[鼓掌]//@用户7472381350会飞的鱼:转发微博 
1071,0,[吃瓜] 
1072,0,[笑而不语]//@用户7472381350会飞的鱼:转发微博 
1073,0,转发微博 
1074,0,转发微博 
1075,0,转发微博 
1076,0,[并不简单]//@用户7472381350会飞的鱼:转发微博 
1077,0,[喵喵] 
1078,0,[嘻嘻]//@用户7472381350会飞的鱼:转发微博 
1079,0,转发微博 
1080,0,[doge]//@用户7472381350会飞的鱼:转发微博 
1081,0,转发微博 
1082,0,转发微博 
1083,0,转发微博 
1084,0,[羞嗒嗒]//@用户7472381350会飞的鱼:转发微博 
1085,0,[污]//@用户7472381350会飞的鱼:转发微博 
1086,0,亿中人 
1087,0,[鼓掌]//@用户7472381350会飞的鱼:转发微博 
1088,0,[吃瓜]//@用户7472381350会飞的鱼:转发微博 
1089,0,转发微博 
1090,0,转发微博 
1091,0,[二哈]//@用户7472381350会飞的鱼:转发微博 
1092,0,转发微博 
1093,0,转发微博 
1094,0,转发微博 
1095,0,转发微博 
1096,0,转发微博 
1097,0,转发微博 
1098,0,转发微博 
1099,0,转发微博 
1100,0,转发微博 
1101,0,转发微博 
1102,0,ヾ(≧O≦)〃好带感！ 
1103,0,转发微博 
1104,0,转发微博 
1105,0,[心]//@用户7472381350会飞的鱼:转发微博 
1106,0,[亲亲]//@用户7472381350会飞的鱼:转发微博 
1107,0,转发微博 
1108,0,[喵喵]//@用户7472381350会飞的鱼:转发微博 
1109,0,[哈欠]//@用户7472381350会飞的鱼:转发微博 
1110,0,转发微博 
1111,0,转发微博 
1112,0,[中国赞][中国赞][中国赞][给你小心心][给你小心心][给你小心心][给力][给力][给力] 
1113,0,转发微博 
1114,0,转发微博 
1115,0,//@风闻社区://@赵脱俗: 卧槽…从来没想到这视频每次换套字幕都能这么搞笑，今天这段还有好几处口型都对上了。[笑cry] 
1116,0,[吃瓜]//@用户7472381350会飞的鱼:转发微博 
1117,0,[鲜花]//@用户7472381350会飞的鱼:转发微博 
1118,0,转发微博 
1119,0,[喵喵]//@用户7472381350会飞的鱼:转发微博 
1120,0,转发微博 
1121,0,转发微博 
1122,0,[酷]//@用户7472381350会飞的鱼:转发微博 
1123,0,转发微博 
1124,0,转发微博 
1125,0,[色]//@用户7472381350会飞的鱼:转发微博 
1126,0,[羞嗒嗒] 
1127,0,[鲜花]//@用户7472381350会飞的鱼:转发微博 
1128,0,[兔子]//@用户7472381350会飞的鱼:转发微博 
1129,0,[思考]//@用户7472381350会飞的鱼:转发微博 
1130,0,转发微博 
1131,0,转发微博 
1132,0,转发微博 
1133,0,转发微博 
1134,0,刺激 
1135,0,我爱了//@淘票票:参与了4982亿大项目的小淘气前来报到[来]马上贺岁档?春节档大幕即将拉开！#票票福利# 关注@淘票票 转发?评论【你最期待的电影】本票将随机抽取10个小淘气每人2电影票? 
1136,0,还有机会么 
1137,0,[兔子]//@用户7472381350会飞的鱼:转发微博 
1138,0,[鲜花]//@用户7472381350会飞的鱼:转发微博 
1139,0,[笑而不语]//@用户7472381350会飞的鱼:转发微博 
1140,0,[酷]//@用户7472381350会飞的鱼:转发微博 
1141,0,转发微博 
1142,0,[并不简单]//@用户7472381350会飞的鱼:转发微博 
1143,0,转发微博 
1144,0,力顶博主。 
1145,0,转发微博 
1146,0,[熊猫]//@用户7472381350会飞的鱼:转发微博 
1147,0,转发微博 
1148,0,转发微博 
1149,0,[害羞]//@用户7472381350会飞的鱼:转发微博 
1150,0,[求关注]//@用户7472381350会飞的鱼:转发微博 
1151,0,转发微博 
1152,0,转发微博 
1153,0,转发微博 
1154,0,转发微博 
1155,0,[好爱哦]//@用户7472381350会飞的鱼:转发微博 
1156,0,转发微博 
1157,0,转发微博 
1158,0,转发微博 
1159,0,转发微博 
1160,0,[可怜]//@用户7472381350会飞的鱼:转发微博 
1161,0,[太开心]//@用户7472381350会飞的鱼:转发微博 
1162,0,[羞嗒嗒]//@用户7472381350会飞的鱼:转发微博 
1163,0,[鼓掌]//@用户7472381350会飞的鱼:转发微博 
1164,0,[思考]//@用户7472381350会飞的鱼:转发微博 
1165,0,[好喜欢]//@用户7472381350会飞的鱼:转发微博 
1166,0,[吃瓜]//@用户7472381350会飞的鱼:转发微博 
1167,0,转发微博 
1168,0,转发微博 
1169,0,[吃瓜]你们都是一本正经的样子噢！ 
1170,0,转发微博 
1171,0,转发微博 
1172,0,转发微博 
1173,0,[兔子]//@用户7472381350会飞的鱼:转发微博 
1174,0,转发微博 
1175,0,转发微博 
1176,0,转发微博 
1177,0,[心]//@用户7472381350会飞的鱼:转发微博 
1178,0,转发微博 
1179,0,转发微博 
1180,0,转发微博 
1181,0,[可怜]//@用户7472381350会飞的鱼:转发微博 
1182,0,[太开心]//@用户7472381350会飞的鱼:转发微博 
1183,0,转发微博 
1184,0,转发微博 
1185,0,转发微博 
1186,0,转发微博 
1187,0,[太开心]//@用户7472381350会飞的鱼:转发微博 
1188,0,转发微博 
1189,0,转发微博 
1190,0,哈哈哈哈哈哈哈哈哈哈哈哈哈哈哈哈哈 
1191,0,转发微博 
1192,0,转发微博 
1193,0,转发微博 
1194,0,[太开心]//@用户7472381350会飞的鱼:转发微博 
1195,0,[鼓掌]//@用户7472381350会飞的鱼:转发微博 
1196,0,[亲亲]//@用户7472381350会飞的鱼:转发微博 
1197,0,【一线实践】“双11”辽宁消费能力亮眼全国 http://t.cn/A6GoK9o3 ??
1198,0,[好爱哦]//@用户7472381350会飞的鱼:转发微博 
1199,0,转发微博 
1200,0,[鼓掌]//@用户7472381350会飞的鱼:转发微博 
1201,0,[好爱哦]//@用户7472381350会飞的鱼:转发微博 
1202,0,[可怜]//@用户7472381350会飞的鱼:转发微博 
1203,0,转发微博 
1204,0,[好喜欢]//@用户7472381350会飞的鱼:转发微博 
1205,0,转发微博 
1206,0,转发微博 
1207,0,[心]//@用户7472381350会飞的鱼:转发微博 
1208,0,转发微博 
1209,0,[哈欠]//@用户7472381350会飞的鱼:转发微博 
1210,0,[二哈]//@用户7472381350会飞的鱼:转发微博 
1211,0,赞同 
1212,0,[酷]//@用户7472381350会飞的鱼:转发微博 
1213,0,[喵喵]//@用户7472381350会飞的鱼:转发微博 
1214,0,转发微博 
1215,0,转发微博 
1216,0,[好爱哦]//@用户7472381350会飞的鱼:转发微博 
1217,0,转发微博 
1218,0,转发微博 
1219,0,转发微博 
1220,0,转发微博 
1221,0,[污]//@用户7472381350会飞的鱼:转发微博 
1222,0,转发微博 
1223,0,[笑而不语]//@用户7472381350会飞的鱼:转发微博 
1224,0,转发微博 
1225,0,转发微博 
