text,label
  敖子逸的正牌麻麻 拜托 搞清楚，腾讯自己的广告部门在百度搜索引擎上找业务误入诈骗网站，这也能扯上“挡枪”？最多腾讯和百度两边再去掐，反正跟老干妈没关系，现在找业务还用百度搜索？大学生找工作都不这么找了好吗 腾讯自己的也要反省下   白云深处有烟火 又见挡枪事件，我比较好奇腾讯的 ,1
转发微博 ,0
转发微博 ,0
转发微博 ,0
[二哈] ,0
转发微博 ,0
  海吧分析吧 [二哈]就差一个360了，一会会不会出来说鹅场工作人员用的360浏览器上的百度搜索 ,0
  不闹人的九儿 还有个憨憨法院也不审查下材料，把老干妈资产冻结了   祖宗 腾讯找了个假老干妈签广告，然后假老干妈没付钱，腾讯错把真老干妈告了，老干妈报警了[doge] ,1
啊这哈哈哈哈哈哈 ,0
这个瓜笑死我了  呂玲綺 哈哈哈哈哈哈哈哈哈 ,0
有我 ,0
转发微博 ,0
我来了 ,0
转发微博 ,0
转发微博 ,0
哈哈哈哈哈哈哈哈哈哈哈哈哈哈哈哈哈哈我他妈笑吐了  午后狂睡 ……没想到鹅厂居然有一天也栽倒在了山寨品上，2020年着实刺激  ,0
[挤眼]  用户7472381350会飞的鱼 转发微博 ,0
害看看热闹 ,0
[并不简单]  用户7472381350会飞的鱼 转发微博 ,0
小破站鹅厂表态，中午的辣椒酱突然不香了[doge] 3人伪造老干妈印章与腾讯签合同  ??,0
来了 ,0
参与一下，今年为啥返场没啥好东西  ,0
 易川川川儿 来看大欺诈师深圳篇  游研社 更新： 3人伪造老干妈印章与腾讯签合同 ，目的是为了获取腾讯公司在推广活动中配套赠送的网络游戏礼包码  http  t cn/A6yh2zYS ,0
来试试 ,0
谢谢? ,0
这也太搞笑了[笑cry][笑cry][笑cry]鹅被骗了 ,0
 3人伪造老干妈印章与腾讯签合同 万万没想有生之年能看到腾讯吃哑巴亏[笑cry][笑cry] ??,0
？？？这事最逗的不是裁定书都出了吗[笑cry] ,0
转发微博 ,0
本来日常经营平稳 被拉入悬崖绝壁上 这就是双11 ,0
我怎么有点开 ？[doge] ,0
哈哈哈哈哈哈哈哈哈哈哈 ,0
转发微博 ,0
  吃瓜群众CJ 老干妈血赚  江宁婆婆 [允悲][允悲][允悲]你还弄个完整版  ,0
转发微博 ,0
  日向飞羽 公关还整挺好，不过?永远恶 鹅厂，买办资本家装你?呢，呕 ,0
妈 这真的很好笑 哈哈哈哈哈哈哈哈哈  ,0
[费解][费解][费解][费解][费解]  银发的小卷子 为了获取游戏礼包码…… ,0
我爱了  淘票票 参与了4982亿大项目的小淘气前来报到[来]马上贺岁档?春节档大幕即将拉开  票票福利  关注 淘票票 转发?评论【你最期待的电影】本票将随机抽取10个小淘气每人2电影票? ,0
转发微博 ,0
[笑而不语]  用户7472381350会飞的鱼 转发微博 ,0
转发微博 ,0
转发微博 ,0
转发微博 ,0
[喵喵] ,0
转发微博 ,0
转发微博 ,0
哈哈哈哈哈哈哈哈哈 ,0
笑晕过去哈哈哈哈哈哈哈哈哈哈哈 ,0
转发微博 ,0
转发微博 ,0
  神龙独步绿洛客 央视整理的这个线最完整  道下一三    荒村DNS    _0段岫0_  冻了两个多月？？腾讯真踏马缺德啊[吐]  壶三猫  垄断企业就是牛逼啊  吴邪手  老干妈的资产四月就冻结了，两个月了，这也就是老干妈血厚，要知道现在是辣椒收获的季节，人家一家企业养活多少 ,0
来了来了 ,0
转发 ,0
 3人伪造老干妈印章与腾讯签合同  腾讯丢钱事小，丢脸事大哈哈哈哈[doge][doge][doge] ??,0
哈哈哈哈哈哈哈哈哈哈哈哈哈哈哈哈哈哈哈哈哈哈哈哈哈哈哈哈哈  Sally娜娜1212 一句话总结：真 乘风破浪的姐姐 国民女神——老干妈  ,0
完整版好  DLin水寐 愿天下没有假公章  每天都在犯困喵 哈哈哈哈哈哈哈  江宁婆婆 [允悲][允悲][允悲]你还弄个完整版  ,0
  黑板报的水晶 [费解][费解]  地了个米_运动真快乐 腾讯都翻车了？？  都市怪诞录  哈哈哈，这剧情变得太快了  一玶海岸   腾讯和南山区法院傻眼了，这些人在决定保全人家财产前，都没和老干妈沟通一下么？[汗]  开水族馆的生物男  笑喷了 就觉得老干妈根本不会这么玩 人家又不是BYD ,0
哈哈哈哈哈哈哈哈哈哈哈哈哈哈哈 ,0
 腾讯回应被骗  老干妈回应称腾讯被骗了  3人伪造老干妈印章与腾讯签合同 草蛇灰线，伏脉于千里之外 ,1
强  ,0
[打call] ,1
转发 ,0
真是笑死  依晴Emma 你干妈还是你干妈  楚惜刀 老干妈有气运在身啊  画小眉    一只贫穷的毛毛毛  建议影视化  卡李  欧莱雅都比不了的欧气[赞]  harps  老干妈和榨菜萝卜干将是未来三十年的可乐  庄珂瑷  这…[允悲][允悲][允悲]  江宁婆婆  [允悲][允悲][允悲]你还弄个完整版  ,0
转发微博 ,1
还说啥，转一个 ,0
[doge]  用户7472381350会飞的鱼 转发微博 ,0
转发微博 ,0
[跪了][跪了][跪了] ,0
转发微博 ,0
转发 ,0
节后余生[羞嗒嗒][羞嗒嗒][羞嗒嗒] ,1
  浪里赤条小粗林 该敲打鹅了……老干妈这次真的飞来横祸  阿下 好好查查  仓酱_ 这么看来 如果不是老干妈，别的中小企业早被它整死了  吴邪手中的冷烟火 老干妈的资产四月就冻结了，两个月了，这也就是老干妈血厚 ,0
好噢[羞嗒嗒] ,0
转发微博 ,0
我来了  ,0
转发微博 ,0
[羞嗒嗒]  用户7472381350会飞的鱼 转发微博 ,0
[污]  用户7472381350会飞的鱼 转发微博 ,0
  伊铃今天画画了吗 鹅厂真的恶   阿沐的机智兰球球  腾讯真的恶   顾盈缺_Viveka    千鹤秋水   捂臉遁走  …我以为就2天 九霄快樂小熊_糕 甜蜜糖  靠真他妈恶 ?  _0段岫0_  冻了两个多月？？腾讯真踏马缺德啊[吐]  吳邪手  老干妈的资产四月就冻结了，两个月了，这也就是老干妈血厚 ,0
转发微博 ,0
转发微博 ,0
  没有羊先生 这是百度对腾讯出其不意的反制策略吗？  虎嗅APP 有消息称，腾讯因在某搜索引擎上误入诈骗网站导致了后续一系列事件的发生  http  t cn/A6yhU2Bc ,1
? http  t cn/A6yh4bTO ,0
转发微博 ,0
 3人伪造老干妈印章与腾讯签合同 没有想到腾讯也会被骗这回丢脸丢大了[哈哈][哈哈][哈哈] ??,0
老干妈才不需要你tx [doge][喵喵] ,0
转发微博 ,0
转发 ,0
[吃瓜]  用户7472381350会飞的鱼 转发微博 ,0
[微风] ,0
哈哈哈哈哈 ,0
[打call] ,0
[亲亲]  用户7472381350会飞的鱼 转发微博 ,0
转发微博 ,0
我参与了 第一财经日报 发起的投票【双十一你花了多少钱？】，我投给了“5000以上”这个选项，你也快来表态吧~ ,0
哦吼(?- -`) ,0
[笑cry]  楚惜刀 老干妈有气运在身啊  画小眉    一只贫穷的毛毛毛  建议影视化  卡李  欧莱雅都比不了的欧气[赞]  harps  老干妈和榨菜萝卜干将是未来三十年的可乐  庄珂瑷  这…[允悲][允悲][允悲]  江宁婆婆  [允悲][允悲][允悲]你还弄个完整版  ,0
转发微博 ,0
please ,0
转发微博 ,0
转发微博 ,0
转发微博 ,0
所以腾讯的辣椒酱是置换来的吗？ ,0
转发微博 ,0
转发微博 ,0
哈哈哈哈哈哈  酱油推文君  笑死我了哈哈哈哈哈哈  林水妖  值得一个月流水三十万 ,0
  林熊猫  我觉得QQ飞车血赚，绑上个国民IP   吃瓜群众CJ  老干妈血赚  江宁婆婆  [允悲][允悲][允悲]你还弄个完整版  ,0
活久见系列[吃瓜] ,0
[好爱哦]  用户7472381350会飞的鱼 转发微博 ,0
转发微博 ,0
[吃瓜]也许是南山必胜客许久未出江湖了，世人都忘记他的威名了 ,0
  伍帝5718924841 鹅厂的“业余选手”呦~~~“辣椒酱”拉边是三条“职业练家”唷~~ ,0
转发微博 ,0
[太开 ]  用户7472381350会飞的鱼 转发微博 ,0
[兔子]  用户7472381350会飞的鱼 转发微博 ,0
转发微博 ,0
[笑而不语]  用户7472381350会飞的鱼 转发微博 ,0
转发微博 ,0
[吃瓜]  江宁婆婆 [允悲][允悲][允悲]你还弄个完整版  ,0
 MXC抹茶  真本聪RealSatoshi  OKEX ,0
转发微博 ,0
转发微博 ,0
  肉山大國王   米亚基 ？？？  我是你们的安炭炭呀 ？？两个多月？  _CHiRO_ 冻了两个多月………腾讯卖个头的萌   谢琴酒  就说了卖人设是没有用的，鹅这种缺德企业没必要当看客是傻子哈   _0段岫0_  冻了两个多月？？腾讯真踏马缺德啊[吐]  壶三猫  垄断企业就是牛逼啊 ,0
[鼓掌]  用户7472381350会飞的鱼 转发微博 ,0
有一说一，tx是内部出了问题还怪人家假的辣椒酱？脸呢？？？还营造无辜人设  ,0
 3人伪造老干妈印章与腾讯签合同 【 老干妈回应被腾讯起诉 ：与腾讯没有任何合作，他们被骗了 [费解]】有关腾讯起诉贵州 老干妈 并要求法院冻结后者千万资产等事宜，今天下午，老干妈公司相关负责人回应第一财经记者表示，并没有与腾讯有任何的合作 关于此事，老干妈公司认为，腾讯公司被骗了 老干妈公司已经向警方报案，稍晚会发布声明 腾讯回应起诉老干妈 http  t cn/A6yvxfSk http  t cn/RcgZw8A新泰市,1
  sy3327 哈哈哈哈哈哈  让我好好想一想叫啥 老干妈反告一波未经允许使用自己的商标 ,0
坐等星星落在我头上 ,0
转发微博 ,0
  樱穗Sakura 虽然没买多少，万一呢 ,0
转发微博 ,0
[鲜花]  用户7472381350会飞的鱼 转发微博 ,0
还有 ,0
转发微博 ,0
 腾讯中午的辣椒酱突然不香了  3人伪造老干妈印章与腾讯签合同  【一瓶老干妈】淼哥读大学的时候，吃老干妈辣酱绝对是身份和地位的象征 开一瓶，不吃上一个学期不罢休，困了累了来一粒，平时锁在柜子里         那时候大家都没什么闲钱，男生追女孩子，为显诚意是请吃麦当劳，记得甜筒刚出来的时候，一块钱一个         现在想着请女孩子吃麦当劳？估计这辈子就只能撸管了 ? ? ? ? ?曾经的淼哥，勒紧裤腰带攒下每一个铜板，担 明天就会来一场大的动荡 节衣缩食 衣着褴褛，盗版碟都舍不得买一张，闻着老干妈辣酱的味道下饭，过节的时候才挑出一坨解解馋          舍不得花钱，这是淼哥猥琐的缘由 身材矮小，面黄肌瘦，外加顶着向左偏分的鸡窝头，一般女生都掩鼻疾去，枉费淼哥满腹的经纶呀          此去经年，还是同样的配方，还是同样的价格 老干妈9块8毛钱一瓶，照平时一餐二十块钱起难吃的盒饭比，完全是业界良           只不过，陪在你身边那个嘴唇上有一圈细绒绒胡子的女孩，早已失去了联系，当年躲在自习室写的情书，早已埋在了土里          欧漏，淼哥的青春一去不复返，引以为豪的黄瓜，被岁月折磨成了一条煮过的豆芽          2020，没有等来爱你爱你的人，只等来一场又一场的灾难，时代的一粒灰，落在一个人的身上便是一座山           如若放在平时，淼哥肯定不会舍得淼哥转售这半瓶老干妈，现在是真的遇到困难了 ? ? ? ? ?去年8月初才买的，吃了一半，里边还有很多牛肉 豆豉，没咋舍得吃，平常吃完一直放在冰箱里，吃完就拧上盖，外表九成新，量很足，包行货，假一罚万 ? ? ? ? ?就米饭，真的很好吃，平常小半勺子就能送两碗饭（没其他菜），炒菜放一两粒提味添香，男女咸宜         迫不得已，非诚勿扰         顺便问问，有谁能帮淼哥找老干妈申请一下广告费吗？打这么多字，右手中指痛，树起来都困难        对了，淼哥读书少，但是不傻，合同签名一定要签“陶华碧”，谁签“老干妈”淼哥跟谁急 ,1
笑死 ,0
哈哈哈哈哈 可是骗子图什么？给老干妈打广告吗？ ,0
转发微博 ,0
转发微博 ,0
  简单就是快乐风 哈哈哈哈哈哈哈哈哈  时命者 老干妈：我需要广告？马应龙不是一直在帮我投放吗？ ,0
转发微博 ,0
  毒舌列文  跟最近的“黄金造假案”一样，都是电影的绝佳素材啊，不过你懂的，这种现实题材电影往往是想拍但拍不出来的   幻想狂劉先生 骗子冒着卖白粉的风险去赚卖白菜的钱，号称南山区战无不胜的鹅肠法务闹了个低级大乌龙，只有老干妈原地迷惑，有没有独具慧眼的导演改编成电影指定能火  ,0
哈哈哈哈哈哈哈哈哈哈哈哈哈哈哈哈哈这反转[允悲][笑cry][笑cry][允悲] ,0
[吃瓜] ,0
转发微博 ,0
希望好好调查一下，挽回公 信 力吧 这事处处透着诡异  ,0
  小鸟真的超级可爱 昨天那么多营销通稿真的不好笑，感觉腾讯太过分了，不联系老干妈催债就直接给人财产冻结，想想普通老百姓遇到这事要怎么办？？  请请请打捞我 该不会真有人觉得腾讯傻白甜吧 营销的真没意思 ,0
转发微博 ,0
转发微博 ,0
转发微博 ,0
我真的笑出声 ,0
我笑死了[笑cry][笑cry][笑cry]  乔凯文 完整版来了  ,0
转发微博 ,0
转发微博 ,0
我0 ,0
万万没想到老干妈成了最大赢家，人在家中坐? 从天上来哈哈哈哈哈哈哈哈 ,0
哈哈哈哈哈哈哈午休起来看到这新闻真是哈哈哈哈哈哈哈哈哈哈笑死我了  浪里赤条小粗林 我他妈笑死哈哈哈哈哈哈哈哈鹅你也有今天 这新闻反转真是比洋葱新闻都可乐哈哈哈哈哈哈哈哈哈哈  ,0
  今天是一只肥柴 你会在网吧用手机玩QQ飞车手游吃老干妈吗[笑cry][允悲] ,1
来一个 ,0
  盒马 参与了4982亿大项目的合伙人前来报到   关注?点赞，再抽一人送超大公仔，给你一个超级大大大大大涌抱呀[给你小  ][给你小  ][给你小  ] ,0
转发微博 ,0
转发微博 ,0
转发微博 ,0
[鲜花]  用户7472381350会飞的鱼 转发微博 ,0
[嘻嘻][嘻嘻] ,0
[兔子] ,0
 老干妈店铺重新上架1000瓶辣椒酱  老干妈称上架1000瓶辣椒酱与其无关  继腾讯发出1000瓶老干妈全网寻骗子后，老干妈迅速在老干妈上架1000瓶大客户组合装辣椒酱，疑似回怼腾讯 千瓶辣椒酱一度售罄，老干妈专门发公告表示：千元套餐只是促销，并无他意，在晚上的淘宝直播里重新上架，并霸气称白送辣椒酱，网友在直播间催快快上链接，1000瓶辣椒酱被秒抢 这次腾讯和老干妈事件，你站谁呢？[羞嗒嗒],1
转发微博 ,0
好好笑是怎么回事，腾讯快点和百度打起来[哼]顺便报我当初被百度骗钱的仇  碧丽提丝_Sub味 哈哈哈哈哈哈哈哈哈哈哈哈哈哈哈哈哈哈哈哈哈哈哈哈  月神的竖琴 魔幻2020腾讯被人骗钱了哈哈哈哈哈  西窗随记 哈哈哈哈哈哈哈哈哈哈  冰曦微语  哈哈哈哈哈哈哈 ,0
随手一转吧[doge] ,0
转发微博 ,0
提前恭喜幸运儿 ,0
转发微博 ,0
 案件播报 【贵阳警方： 3人伪造老干妈印章与腾讯签合同  被刑拘】 ,0
力顶博主  ,0
哈哈哈哈哈哈哈  浪里赤条小粗林 我他妈笑死哈哈哈哈哈哈哈哈鹅你也有今天 这新闻反转真是比洋葱新闻都可乐哈哈哈哈哈哈哈哈哈哈  ,0
笑得  罗曼蒂克减肥史 这能挣多少钱啊？  李大米Lidami 腾讯会被骗Orz ,0
[太开 ]  用户7472381350会飞的鱼 转发微博 ,0
 3人伪造老干妈印章与腾讯签合同 居然只是为了个赠品…… ??,0
老干妈也太惨了吧 这还遇上疫情 ,0
来了 ,0
  贝勒王duki  艹  室韦包子   _0段岫0_  冻了两个多月？？腾讯真踏马缺德啊[吐]  吴邪手  老干妈的资产四月就冻结了，两个月了，这也就是老干妈血厚，要知道现在是辣椒收获的季节，人家一家企业养活多少贵州的农民 ,0
转发微博 ,0
【贵阳警方： 3人伪造老干妈印章与腾讯签合同 ，已被刑拘】7月1日，贵阳公安双龙分局通报，3人伪造老干妈公司印章，冒充该公司市场经营部经理与腾讯签订合作协议，目前3人已被刑拘  ???? ,0
[哈欠]  用户7472381350会飞的鱼 转发微博 ,0
期待 ,0
笑死企鹅肉 腾讯也太惨了吧 那时候QQ飞车联赛直播贼? 老多人看了  地铁老爷爷看手机bot 陶华碧女士 没眼看惹，警都是老娘帮着报的  ,0
[哈欠]  用户7472381350会飞的鱼 转发微博 ,0
  不可排竹 鲁豫：“我不信”哈哈哈哈哈哈哈哈哈哈哈哈哈哈哈哈哈哈哈哈哈哈 ,1
 3人伪造老干妈印章与腾讯签合同 企鹅 “我尼玛，去你嘛的老干爹”  ??,0
 3人伪造老干妈印章与腾讯签合同 皇额娘真的有点儿可爱 ??,0
 3人伪造老干妈印章与腾讯签合同  魔幻… ??,0
[兔子]  用户7472381350会飞的鱼 转发微博 ,0
  Will今天好好学习了没 如果从不当得利的角度呢? ,1
也是个参与这么大项目的人了 ,0
????南山必胜客又输一局 ,0
[doge]  用户7472381350会飞的鱼 转发微博 ,0
我笑吐了哈哈哈哈哈哈哈哈哈哈哈哈哈哈哈哈哈哈哈哈哈哈哈哈哈操为了游戏大礼包 ,0
[色][色] ,0
哈哈哈，大号中老干妈，绝了[笑cry] ??,0
转发微博 ,0
转发微博 ,0
哈哈哈哈哈哈哈哈哈哈哈哈哈哈哈哈哈 ,0
转发微博 ,0
真是妹想到 ,0
转发微博 ,0
厉害了[允悲][允悲][允悲] ,0
评论真的打算笑死我  小唐小唐满是鱼塘  哈哈哈哈哈哈哈哈哈哈哈受害鹅 http  t cn/A6yhRP24   逸轩harmony  “总裁，老干妈资产已经申请查封了，已经在热搜晾了一天了 ” “她认错了吗？” “她说我们认错人了 ” ,0
转发微博 ,0
【贵阳警方： 3人伪造老干妈印章与腾讯签合同 ，被刑拘】7月1日，贵州双龙警方通报，3人伪造老干妈公司印章，冒充该公司市场经营部经理与腾讯签订合作协议，目前3人已被刑拘  ?此前，腾讯状告老干妈欠广告费，申请冻结1000多万财产，老干妈回应称腾讯遭遇诈骗，已报案  http  t cn/A6yh4BAa ??,0
转发微博 ,0
[doge] ,0
[亲亲]  用户7472381350会飞的鱼 转发微博 ,0
哈哈哈哈哈哈哈哈哈哈哈哈哈哈哈哈哈哈哈笑出鹅叫 ,0
转发微博 ,1
转发微博 ,0
转发微博 ,0
转发微博 ,0
转发微博 ,0
南山必胜客 被三个玩游戏的耍了 ,0
[鼓掌]  用户7472381350会飞的鱼 转发微博 ,0
[可怜]  用户7472381350会飞的鱼 转发微博 ,0
[求关注]  用户7472381350会飞的鱼 转发微博 ,0
转发微博 ,0
做个分母 ,0
转发微博 ,0
[笑而不语]  用户7472381350会飞的鱼 转发微博 ,0
转发微博 ,0
轉發微博 ,0
生日许个愿吧 购物车我包了你的 喜欢范小朋友的第四年 ,0
明目张胆得调侃真的好么？[doge] ,0
哈哈哈 ,0
笑死，企鹅肉 ,0
转发微博 ,0
转发微博 ,0
转发微博 ,0
  商经法刘安琪 怡宝宝讲的好  ,0
原来是造游戏的被骗子给游戏了一把[允悲][允悲][允悲][允悲] ,0
转发微博 ,0
转发微博 ,0
转发微博 ,0
Repost ,1
[害羞]  用户7472381350会飞的鱼 转发微博 ,0
转发微博 ,0
转发微博 ,0
居然为了游戏礼包码 这是几个648呀[笑cry] ,0
 3人伪造老干妈印章与腾讯签合同 看一次，笑一次 刚下半年第一天，年度沙雕排行榜就有名额产生了 我还真不知道说啥好了[笑哈哈] ??,0
笑死 ,0
买不了49999 ,0
[笑而不语] ,0
[可怜]  用户7472381350会飞的鱼 转发微博 ,0
 3人伪造老干妈印章与腾讯签合同  今日份的快乐源泉了，哈哈哈，太逗了，逗鹅冤 腾讯中午的辣椒酱突然不香了  哈哈哈，今天不行了，太好笑了 ,0
来了来了 ,0
  灌江口驻花果山情感记录员   谢琴酒 就说了卖人设是没有用的，鹅这种缺德企业没必要当看客是傻子哈   壶三猫  垄断企业就是牛逼啊  吴邪手  老干妈的资产四月就冻结了，两个月了，这也就是老干妈血厚，要知道现在是辣椒收获的季节，人家一家企业养活多少贵州的农民 ,0
转发微博 ,0
转发 ,0
啊这哈哈哈哈哈 ,0
7月新规来了 事关口罩 车子和票子，快看看 自7月1日起，将有一大批全国性 地方性新规开始实施，事关口罩 车子和票子等，快一起来看看吧 【全国性新规】公职人员政务处分法7月1日施行《中华人民共和国公职人员政务处分法》将于7月1日起施行 作为新中国成立以来第一部全面系统规范公职人员惩戒制度的国家法律，该法实现了不同公职人员处分标准的统一，有利于提升政务处分工作的法治化 规范化水平 新出台的政务处分法明确对有职务违法行为的公职人员，根据情节轻重依法给予不同处分 对情节轻微的可进行谈话提醒 批评教育 责令检查或者予以诫勉，再严重的依次规定了警告 记过 记大过 降级 撤职乃至开除等处理种类 口罩正式实施新标准 2019年底，国家市场监督管理总局和中国国家标准化管理委员会发布了新的呼吸防护标准GB2626-2019《呼吸防护自吸过滤式防颗粒物呼吸器》，2020年7月1日实施，将对KN95型口罩在呼吸阻力 气密性 实用性能 清洗和消毒等方面提出更高的要求，更能反映口罩实际使用过程中的性能 标准规定了自吸过滤式防颗粒物呼吸器的分类和标记 技术要求 检测方法和标识 在此之前，呼吸防护标准使用的是GB2626-2006《呼吸防护用品自吸过滤式防颗粒物呼吸器》 KN100口罩为其规定的高防护等级，相比于KN95与KN90防护效率更高 首个关于直播带货的规范正式施行6月24日，中国广告协会发布《网络直播营销行为规范》，这是国内出台的第一个关于网络直播营销活动的专门规范 《规范》自今年7月1日起施行 对于商家，《规范》明确规定，主播向商家 网络直播营销平台等提供的营销数据应当真实，不得采取任何形式进行流量等数据造假，不得采取虚假购买和事后退货等方式骗取商家的佣金 对于网络直播营销平台，《规范》规定，社交平台类的网络直播营销平台经营者应当规范内部交易秩序，禁止主播诱导用户绕过合法交易程序在社交群组进行线下交易 “国六”正式落地2020年5月14日，国家生态环境部 工信部等四部联合发布《关于调整轻型汽车国六排放标准实施有关要求的公告》 公告指出，7月1日起，全国范围实施轻型汽车国六排放标准，禁止生产国五排放标准轻型汽车，进口轻型汽车应符合国六排放标准 全国铁路实施三季度列车运行图7月1日零时起，全国铁路将开始实施三季度列车运行图，多条新线开通运营，路网结构进一步完善 包括：合杭高铁合肥至湖州段开通 南通至上海铁路开通 喀左至赤峰高铁开通 安顺至六盘水高铁开通 格库铁路青海段开通等 同时，在实施三季度新图基础上，7月1日至8月31日，铁路部门将开启为期62天的暑期运输，根据客流变化，实施“一日一图”，更好地满足暑期学生流 探亲流 旅游流等出行需求，预备每日增开直通临时旅客列车48列 图定旅客列车延长运行区段3列 买新车可选装原厂ETC2020年2月11日，工信部发布了关于调整《道路机动车辆产品准入审查要求》的通知，其中一项提到：自 2020 年 7 月 1 日起，新申请产品准入的车型应在选装配置中增加 ETC 车载装置，供用户自主选装 森林分类经营管理新修订的《森林法》将于2020年7月1日起正式实施 新《森林法》实行森林分类经营管理，将森林分为公益林和商品林，公益林实行严格保护，商品林则由林业经营者依法自主经营，以此来保护好各类林业经营主体的合法权益，实现林业建设可持续发展 此外，新《森林法》调整了林木采伐许可证核发范围，采伐自然保护区以外的竹林不再办理采伐许可证 非林地上的农田防护林 防风固沙林 护路林 护岸护堤林和城镇林木的采伐，按照《公路法》《防洪法》《城市绿化条例》等规定进行管理 《中华人民共和国社区矫正法》施行7月1日，《中华人民共和国社区矫正法》将正式施行 据了解，《 中华人民共和国社区矫正法》是我国社区矫正领域首部专门性法律 《中华人民共和国社区矫正法》是为了推进和规范社区矫正工作，保障刑事判决 刑事裁定和暂予监外执行决定的正确执行，提高教育矫正质量，促进社区矫正对象顺利融入社会，预防和减少犯罪，根据宪法，制定的法律 预备役部队纳入军队领导指挥体系近日，中共中央印发了《关于调整预备役部队领导体制的决定》（以下简称《决定》） 《决定》明确，自2020年7月1日零时起，预备役部队全面纳入军队领导指挥体系，由现行军地双重领导调整为党中央 中央军委集中统一领导 【地方性政策】多地限制甚至禁止国三柴油货车通行浙江东阳：7月1日起，国三货车全部禁行；广东东莞：7月1日起，全市限行国三柴油车；广东佛山：实施国三车限制通行，违者罚款200元记3分 此外，多地国三淘汰补贴将下调，如7月1日后，深圳的国三柴油车不能再申请淘汰补贴；山东青岛国三柴油车淘汰最高可以拿到5万元的补贴，申请截止日期为2020年6月30日；浙江省丽水市和河南省洛阳市分阶段对国三车进行淘汰补贴 多地开始实施《电动自行车管理条例》随着公安部在全国部署开展“一盔一带”安全守护行动，多地出台了关于电动自行车管理办法的新规，其中大部分将在7月1日起实施 如江苏省《电动自行车管理条例》7月1日起施行，条例规定电动车驾驶员和乘客都应该佩戴头盔，未经登记的电动两轮车禁止上路，拼装 改装或加装电动车的行为会被处以罚款 此外，浙江省 陕西省 江西省 湖北孝感 湖北黄冈 湖南郴州等地同样将在7月1日起实施此类规定，虽细则有所不同，但大都强调佩戴头盔 挂牌上路 治理违法改装等内容 湖北：养老保险政策有新调整日前，湖北省人社厅重新修订印发《湖北省城乡居民基本养老保险经办规程》，将于7月1日起实施 《规程》规定，参保人员居住地址 联系电话等一般信息变更，通过互联网服务渠道或服务窗口直接填报最新信息进行变更，无需审核 南京：《南京市养老服务条例》正式实施《南京市养老服务条例》将于7月起正式实施 《条例》已经出台关于成立养老服务联席会议制度 规范尊老金发放 规范政府购买居家养老服务办法 升级适老化项目改造等4个配套政策 其中，《南京市政府购买居家养老服务实施办法》明确为80周岁以上老年人每人每月提供不少于2小时免费生活照料服务 在《关于做好适老化改造民生实事的通知》中，明确了升级适老化改造项目，并将改造标准提升至2000元/户 上海：提高职工医保统筹基金最高支付限额2020年起，上海市职工医保年度的起始时间从4月1日调整至7月1日 http  t cn/A6Lk3qi3 ，上海市职工医保将进入2020医保年度（2020年7月1日至2021年6月30日），职工医保统筹基金最高支付限额，将从53万元提高到55万元，最高支付限额以上的部分，仍按规定继续报销80% 2020医保年度参保人员的个人医疗账户资金，也将于7月1日计入 山西：“提前退休”真的来了日前，山西省人力资源和社会保障厅印发了《企业特殊工种提前退休管理工作实施办法》的通知，其中明确，办法自2020年7月1日起施行，将实行特殊工种岗位信息备案制度，参保单位 政府双公示制度，公开接受社会和群众的监督 各参保企业申报职工特殊工种提前退休前，应向符合条件且自愿申请提前退休的职工进行权益告知，填报《企业职工特殊工种提前退休申请表》，职工本人要认真阅读并签字确认，以保障其知情权 具体包括：在企业从事特殊工种名称，从事特殊工种年限等信息；特殊工种提前退休的相关政策以及对职工个人待遇核定及今后调整基本养老金的影响；经与企业协商一致，可选择在本人提前退休年龄和法定退休年龄之间办理提前退休手续并领取基本养老金 四川：明确食品生产许可权限6月24日，四川省市场监管局发布公告，确定食品生产许可权限如下：(一)四川省市场监督管理局负责保健食品 特殊医学用途配方食品 婴幼儿配方食品，婴幼儿辅助食品(婴幼儿谷类辅助食品 婴幼儿罐装辅助食品)，食盐等食品的生产许可工作 (二)各市(州)市场监督管理局负责本辖区粮食加工品，食用油 油脂及其制品，调味品(食盐除外)，肉制品，乳制品，饮料，方便食品，饼干，罐头，冷冻饮品，速冻食品，薯类和膨化食品，糖果制品，茶叶及相关制品，酒类，蔬菜制品，水果制品，炒货食品及坚果制品，蛋制品，可可及焙烤咖啡产品，食糖，水产制品，淀粉及淀粉制品，糕点，豆制品，蜂产品，特殊膳食食品(婴幼儿谷类辅助食品 婴幼儿罐装辅助食品除外)，其他食品等食品的生产许可工作 (三)各市(州)市场监督管理局负责本辖区食品添加剂的生产许可工作 上述食品和食品添加剂的生产许可权限确定后，原发放的食品生产许可证，其延续 变更 撤销 注销和吊销等权限同步调整 ,0
转发微博 ,0
 3人伪造老干妈印章与腾讯签合同 钮钴禄 鹅被骗了，鹅你肿么了？鹅：你伤害了我，还一笑而过 我知道这样很伤害你，鹅，但是真的有点好笑  ??,0
转发微博 ,0
转发微博 ,0
草啊哈哈哈哈哈哈  -恶梦akumu- 草  理性崩壊  哈哈哈哈哈哈哈哈哈  全球时尚四喜 哈哈哈哈哈哈哈哈哈哈哈哈哈哈哈哈哈哈哈哈这瓜可太香了[允悲]  寒霜眠 害  重工组长于彦舒  草  临界丘    太阳好大脸  说好的结局怎么还是反转剧  刘码露  鹅：好酸楚  水晶男孩鸡大帅  笑死 全网甩锅 ,0
昨天还在想哪家会胜诉，今天的瓜多到吃不完[偷乐] ,0
[嘻嘻]  用户7472381350会飞的鱼 转发微博 ,0
鹅肝酱[疑问]  不信人间可白头 老干妈可以出个鹅味辣酱吗？  祖宗 腾讯找了个假老干妈签广告，然后假老干妈没付钱，腾讯错把真老干妈告了，老干妈报警了[doge] ,1
转发微博 ,0
转发微博 ,0
截至11月11日24点，2020天猫双11全球狂欢季期间的成交额突破4982亿，累计成交额过亿的品牌超过450个 中国内需爆发带动天猫双11再创新增长  ??,0
[兔子]  用户7472381350会飞的鱼 转发微博 ,0
 3人伪造老干妈印章与腾讯签合同 对不起鹅，原谅我笑得太大声[笑cry][允悲]，没想到，鹅也有今天，宁不是钮钴禄 鹅吗？腾讯告老干妈，结果是腾讯真的帮老干妈做了一次全媒体全免费的巨额广告，还顺便自黑了一把，让 支付宝  顺便也吃了一大瓜 [笑cry] ??,0
 3人伪造老干妈印章与腾讯签合同 [doge] 腾讯中午的辣椒酱突然不香了  傻鹅子还得谢谢干妈帮你报案 ??,0
  神奇知识点 腾讯：“陶老太太，今天你这个钱还也得还，不还也得还 白纸黑字儿签着你的名儿……不然我就要上法院 ” 陶碧华：“我说我不签，你非让我签，我签……告我去吧 ” 腾讯：“我提醒您这可签着您的大名儿呢” 陶碧华：“我签的是啥？ ” 腾讯：“老干妈？ ” ,0
[可怜]  用户7472381350会飞的鱼 转发微博 ,0
转关 ,0
给我打钱吧[泪] ,0
转发微博 ,0
转发微博 ,0
腾讯的市场部这么容易忽悠吗？一个假章就能骗过几千万的广告费？这里面事挺多呀 ，不说了，我要去刻章了，订单太多了 3人伪造老干妈印章与腾讯签合同  http  t cn/RD4C3n3深圳,0
  过儿童节 关老干妈什么事？无辜被踩还要强调老干妈占了便宜，不要碧莲，不愧是?系，就像某艺人粉丝网暴别人，然后艺人团队再报假警出警到人家家里，然后在党的生日前一天买通宵热搜说是帮人家维权，呕  我滴爸爸 哈哈哈，腾讯这次玩的笑死我了，打官司没输过的腾讯这败给老干妈了[允悲] ,1
转发微博 ,0
转发微博 ,0
[赞][赞][赞] ,1
我就是笑出猪叫声那个[笑cry] ,0
哈哈哈哈哈哈笑死了 ,0
 3人伪造老干妈印章与腾讯签合同 笑死，鹅你也有今天 ??,0
[嘻嘻]  用户7472381350会飞的鱼 转发微博 ,0
[费解][费解][费解][费解] ,0
本打工人来了 ,0
笑死 企鹅肉 也有今天 _  ,0
转发微博 ,0
 3人伪造老干妈印章与腾讯签合同 你们可真秀 中国高校联盟[超话]  校园市场[超话]  ??,0
冻结了两个月？ [费解]希望鹅出事   吴邪手中的冷烟火 老干妈的资产四月就冻结了，两个月了啊，这也就是老干妈血厚，要知道现在是辣椒收获的季节，人家一家企业养活多少贵州的农民？评论里说老干妈不是好东西？人家不融资不上市不打广告不偷税漏税，简直优质民营企业好吧，搞笑  ,0
  大巴车driver_QAQ 行骗天下中国篇是吧 ,0
  阿里健康-医鹿 4982亿，感谢支持 关?转，抽1位千亿项目参与者送49 82[ ]赞我有好运[爱你] ,0
今日份的快乐是腾讯给的[哈哈] ,0
转发微博 ,0
都没有这么幸运过 天猫双十一成交额4982亿  ,0
  ZORRO-TANG 这就是鹅厂风格？打广告和人家没有联系？钱没到位不催收？打官司不先和人家通气？判决结果也是通过媒体知道的？全程一人唱独角戏？？？真以为地球围他转了？ ,0
  Saramonte成长期 换个无名氏小公司现在已经被搞死了 老干妈回应腾讯从来没催收，那热搜的事情不就是一场自导自演么[吃瓜]这么强的公关细思极恐哦，瞬间把所有人的目光从自身问题矛盾核 偏移开，全玩梗去了 http  t cn/A6y78CcE   老娘想不出名字老 并不憨不然也不会让法院冻结财产，幸好老干妈 ,0
也就五六七八万吧[晕] ,0
转发微博 ,1
所以是谁？ ~哈哈哈哈哈哈这是什么搞笑商战连续剧？   芸豆和雨豆  百度说不是他们的锅[摊手][二哈][二哈][二哈] ,0
转发微博 ,0
我就不信腾迅向法院起诉前不会直接向老士妈追广告费？而这时的老干妈估计是揣着明白装糊涂，甚至是以这样的态度一直拖下去以便让腾迅一直为它广告，当腾迅终于忍无可忍向法院起诉时老干妈就来了这一出报警戏，反正老干妈的免费广告也做了，钱又不用出，真高  ,0
  Ehciarf 2020年度沙雕新闻冠军 ,0
  温水凭本事的手红 那你索索是谁 [并不简单]  林跃然是好叉子  打起来打起来 [憧憬]  不能发芽的种子  打起来 打起来    顾惜之 [二哈]那是谁啊？ ,0
转发微博 ,0
默默转一发  ,0
转发微博 ,0
  道下一三   荒村DNS   不能发芽的种子   菜叶子爱好者   苏耷水   卡了蛋儿kk     _0段岫0_ 冻了两个多月？？腾讯真踏马缺德啊[吐]  壶三猫 垄断企业就是牛逼啊  吴邪手 老干妈的资产四月就冻结了，两个月了，这也就是老干妈血厚，要知道现在是辣椒收获的季节，人家一家企业养活多少 ,0
鹅本性就不要脸  战争史研究WHS 毕竟是? 背后的资本[吃瓜][吃瓜]  _0段岫0_ 冻了两个多月？？腾讯真踏马缺德啊[吐]  吴邪手 老干妈的资产四月就冻结了，两个月了，这也就是老干妈血厚，要知道现在是辣椒收获的季节，人家一家企业养活多少贵州的农民 ,0
转发微博 ,0
转发微博 ,0
？？？哈哈哈哈哈哈哈哈  这是一个很高冷的ID 哈哈哈哈哈哈哈哈哈  圈酱 哈哈哈哈哈哈哈  你不要脸的样子真可爱 草  第十一毛 笑死哈哈哈哈哈哈  蕾欧阿帕姬 哈哈哈哈哈哈哈哈  富冈义勇大侠 哈哈哈哈哈哈哈哈  海姆冥界香蕉推销员 草哈哈哈哈哈哈哈哈哈哈  白桃可可暴风雪 草草草 ,0
  小锅脐儿 转发微博 ,0
  一人谈视频  2020双11成交额  数字背后不仅仅是数字[作揖] ,0
[吃瓜]  辟谣知真相 [思考]  小小六子666  3人伪造老干妈印章与腾讯签合同 还有这事？鹅厂编辑提前判案了？ ,0
看过报道老干妈全是现金结算，不赊账不欠款挺牛的，鹅也别只道歉了该赔赔吧[吃瓜]  吴邪手中的冷烟火 老干妈的资产四月就冻结了，两个月了啊，也就是老干妈血厚，现在是辣椒收获季，人一家企业养活多少贵州农民？  莫卿-鲤 请认真给老干妈道个歉   要是一般小企业，这么就给人家玩儿死了  ,0
[允悲]  神龙独步绿洛客 草，下半年的沙雕top竞争很激烈啊  夏实-欧美圈住人  草  莱_格_  太好笑了吧    重工组长于彦舒   ？是真的？  -MIKIMILK-  卧槽，太好笑了  -射命丸-文-   [笑cry][笑cry]  种崎敦美   hhhhhhh  Sher-Holmes  草  lyphix__今天hyriamb女装了么  草 ,0
要不是警方通报这瓜我都不敢信，真是艺高人胆大[作揖]  M大王叫我来巡山 ？笑死[允悲]腾讯被山寨坑游戏礼包这说出去谁信啊  风吹铃铛响叮叮 这 [哆啦A梦吃惊]  颜文字君 ( … )腾讯居然被骗了 ？  尝乳 卧槽，腾讯的羊毛都敢撸[允悲] ,0
[doge]  用户7472381350会飞的鱼 转发微博 ,0
414,0
也为上亿的项目做出了贡献 ,0
腾讯竟然都能被骗？ ,0
1000瓶老干妈？还搞啊？公关是有点想法，玩久了让人讨厌   胡萝卜吃兔兔   浪里赤条小粗林 该敲打鹅了……老干妈这次真的飞来横祸  仓酱_ 这么看来 如果不是老干妈，别的中小企业早被它整死了  吴邪手中的冷烟火 老干妈的资产四月就冻结了，两个月了，这也就是老干妈血厚 ,0
[害羞]  用户7472381350会飞的鱼 转发微博 ,0
转发微博 ,0
转发微博 ,0
哈哈哈哈哈笑死我了[哈哈][哈哈][哈哈] ,0
转发微博 ,0
[笑cry][笑cry]  闫总 哈哈哈哈哈 李国庆：我就说公章有用吧 [笑cry][笑cry][笑cry] ,0
  游研社 这里附上裁定书原文，截图图发不出来http  t cn/A6yvasgA ,0
 腾讯中午的辣椒酱突然不香了  3人伪造老干妈印章与腾讯签合同  【一瓶老干妈】淼哥读大学的时候，吃老干妈辣酱绝对是身份和地位的象征 开一瓶，不吃上一个学期不罢休，困了累了来一粒，平时锁在柜子里         那时候大家都没什么闲钱，男生追女孩子，为显诚意是请吃麦当劳，记得甜筒刚出来的时候，一块钱一个         现在想着请女孩子吃麦当劳？估计这辈子就只能撸管了 ? ? ? ? ?曾经的淼哥，勒紧裤腰带攒下每一个铜板，担 明天就会来一场大的动荡 节衣缩食 衣着褴褛，盗版碟都舍不得买一张，闻着老干妈辣酱的味道下饭，过节的时候才挑出一坨解解馋          舍不得花钱，这是淼哥猥琐的缘由 身材矮小，面黄肌瘦，外加顶着向左偏分的鸡窝头，一般女生都掩鼻疾去，枉费淼哥满腹的经纶呀          此去经年，还是同样的配方，还是同样的价格 老干妈9块8毛钱一瓶，照平时一餐二十块钱起难吃的盒饭比，完全是业界良           只不过，陪在你身边那个嘴唇上有一圈细绒绒胡子的女孩，早已失去了联系，当年躲在自习室写的情书，早已埋在了土里          欧漏，淼哥的青春一去不复返，引以为豪的黄瓜，被岁月折磨成了一条煮过的豆芽          2020，没有等来爱你爱你的人，只等来一场又一场的灾难，时代的一粒灰，落在一个人的身上便是一座山           如若放在平时，淼哥肯定不会舍得转售这半瓶老干妈，现在是真的遇到困难了 ? ? ? ? ?去年8月初才买的，吃了一半，里边还有很多牛肉 豆豉，没咋舍得吃，平常吃完一直放在冰箱里，吃完就拧上盖，外表九成新，量很足，包行货，假一罚万 ? ? ? ? ?就米饭，真的很好吃，平常小半勺子就能送两碗饭（没其他菜），炒菜放一两粒提味添香，男女咸宜         迫不得已，非诚勿扰         顺便问问，有谁能帮淼哥找老干妈申请一下广告费吗？打这么多字，右手中指痛，树起来都困难        对了，淼哥读书少，但是不傻，合同签名一定要签“陶华碧”，谁签“老干妈”淼哥跟谁急 ,1
转发微博 ,0
  陳楸帆    董润年 哈哈哈哈老干妈一分钱没花被做了一个超级广告 哪个广告能上热搜啊  迷影 生 [费解]  M大王叫我来巡山 我要笑死了……这是和骗子签的多深度的推广哦……  孙策不与周郎便 太滑稽了吧 ,0
[大侦探皮卡丘微笑] ,1
  李子的围脖  [哈哈]  林水妖  值得一个月流水三十万 ,0
危机公关真的成功  静居-RS  鹅从来都不是傻白甜 鹅给老干妈宣传了近一年，可是没有近期这个乌龙事件，我甚至不知道他们两个有合作，以后找鹅宣传前要深思 昨天一天就像在看鹅唱独角戏一样，最后还冻结资金，对老干妈来说，就像无妄之灾 ,0
转发微博 ,0
转发微博 ,0
转发微博 ,0
鹅鹅鹅鹅有点点 疼鹅[允悲][允悲] ,0
怎么这么好笑[允悲] ,0
转发微博 ,0
真，打工人[微笑][awsl]对不起了天猫爸爸，因为加班错过了最后四小时血拼，难过，刚回家 不死还是又下单几罐面霜 救救孩子吧[泪] ,0
转发微博 ,0
转发微博 ,0
震惊  ,0
鹅这么呆萌的吗？我不信[吃瓜][吃瓜][吃瓜][允悲][允悲][允悲] ,0
 严谈股市  安利菌  叶草灵丹 超喜欢吃老干妈[微笑]，支持 Jay_OKEX_CEO [good] ,0
鹅你要脸不？  战争史研究WHS 毕竟是? 背后的资本[吃瓜][吃瓜]  _0段岫0_ 冻了两个多月？？腾讯真踏马缺德啊[吐]  吴邪手 老干妈的资产四月就冻结了，两个月了，这也就是老干妈血厚，要知道现在是辣椒收获的季节，人家一家企业养活多少贵州的农民 ,1
啊啊啊啊冲啊 ,0
[嘻嘻]  用户7472381350会飞的鱼 转发微博 ,0
[思考]  用户7472381350会飞的鱼 转发微博 ,0
谢谢[doge] ,0
转发微博 ,0
下半年第一迷惑事件[喵喵] ,0
[酷]  用户7472381350会飞的鱼 转发微博 ,0
xswl  江宁婆婆 一开始还以为是什么up主自制，结果我去b站看了一眼，这个视频真的是鹅厂官方发的[允悲][允悲][允悲] http  t cn/A6yhBVWU ,0
转发微博 ,0
[允悲][允悲][允悲][允悲]  吐槽鬼 噗哈哈哈哈哈 所以南山那怎么去冻结账户的？？？  赭麒麟 腾讯在I3站的动态 http  t cn/A6yh4K3l ,0
转发微博 ,0
啊这 ,0
转发微博 ,0
[好喜欢]  用户7472381350会飞的鱼 转发微博 ,0
转发微博 ,0
一个骚过一个… ,0
  小唐小唐满是鱼塘 哈哈哈哈哈哈哈哈哈哈哈受害鹅 http  t cn/A6yhRP24   逸轩harmony “总裁，老干妈资产已经申请查封了，已经在热搜晾了一天了 ” “她认错了吗？” “她说我们认错人了 ” ,0
您看 我这有希望吗？ ,0
唉 抽中我才有意思 ,0
鹅 你居然被骗了 ,0
[哆啦A梦微笑][哆啦A梦微笑] ,0
[飞镖黄跳舞] ,0
转发微博 ,0
啊哈哈哈哈啊哈  -魔君 今年过于魔幻哈哈哈  宣和一人  当当创始人李国庆 ：你们知道我当初为什么去抢章了吧 ,0
今年真的什么魔幻事情都有 ,0
转发微博 ,0
  凌凌迭   秋唧唧Garuru 惨  渣洁 官方草  江宁婆婆  一开始还以为是什么up主自制，结果我去b站看了一眼，这个视频真的是鹅厂官方发的[允悲][允悲][允悲] http  t cn/A6yhBVWU ,0
  风韵犹存的老富婆 老干妈 腾讯做慈善呢？莫名其妙[笑cry] ,1
哈  有够搞笑的呢  你也有今天小企鹅[doge][doge]  克里斯gmail  腾讯被骗了？[允悲][允悲] ,0
转发微博 ,0
[鲜花]  用户7472381350会飞的鱼 转发微博 ,0
转发微博 ,0
蛤蛤蛤蛤蛤蛤 ,0
转发微博 ,0
转发微博 ,0
转发微博 ,0
转发微博 ,0
[太开 ] ,0
哈哈哈哈哈哈哈哈臭鹅把出场费给杨超越妹妹结一下 ,0
转发微博 ,0
 3人伪造老干妈印章与腾讯签合同  [doge][doge][doge]老干妈乘机反诉腾讯：未经本公司授权在游戏中植入本公司名称创始人形象用作商业用途 严重侵犯本公司权益，要求赔偿[白眼][白眼][白眼] ??,0
哈哈哈哈哈哈哈～太好笑了真的   漫威大法好 哈哈哈哈哈哈哈  謝海羣 腾讯也有这一天[哈哈] http  t cn/A6yh6fxY ,0
 3人伪造老干妈印章与腾讯签合同 这么大一笔广告费订单，腾讯不跟老干妈总部核实？只认公章？太好骗了吧[摊手][摊手][摊手] http  t cn/A6yhCNAN ??,0
[ ]  用户7472381350会飞的鱼 转发微博 ,0
转发微博 ,0
转发微博 ,0
转发微博 ,0
请腾讯不要再营销了，向老干妈道歉 ,0
 3人伪造老干妈印章与腾讯签合同   腾讯某游戏策划：马总 我们新出的十连抽活动发布吗？马总：先别发布 去把法务叫来 先给他十连抽 ??,0
转发微博 ,0
操哈哈哈哈哈哈哈哈哈虽然但是鹅也有今天啊  我滴爸爸 哈哈哈，腾讯这次玩的笑死我了，打官司没输过的腾讯这败给老干妈了[允悲] ,0
年年做贡献 ,0
转发微博 ,0
转发微博 ,0
剁碎做成辣椒酱吧  离枝枝第五季 哈哈哈哈哈哈哈哈哈哈哈哈哈哈哈哈哈哈哈哈哈哈哈哈哈哈哈哈哈哈哈哈哈哈哈哈  桑德拉J 腾讯这个不要脸的毒鹅 ,0
转发微博 ,0
不想恰土 ,0
  檀烧 哈哈666转危为机  画小眉 挖槽百万公关，这是有互联网思维的公关团队啊，这回要出名了[允悲]  桃醉  鹅厂公关真的牛  江宁婆婆 一开始还以为是什么up主自制，结果我去b站看了一眼，这个视频真的是鹅厂官方发的[允悲][允悲][允悲]  http  t cn/A6yhBVWU ,0
今年买的不算少 试试呢  ,0
转发微博 ,0
转发微博 ,0
转发微博 ,0
鹅呃呃 ,0
转发微博 ,1
转发微博 ,0
真的太需要回血了   马上就成无业游民，下个月用啥还花呗都不知道[泪] ,0
[亲亲]  用户7472381350会飞的鱼 转发微博 ,0
  SAGE-LZH 大公司用合同章都有登记用途时间，什么时候使用，什么时候归还都明确，比较严格 没被登记的，不承认   睡上铺的我我我 公章真假怎么判定？ ,1
转发微博 ,0
转发微博 ,0
转发微博 ,0
[思考]  少年伯爵 其实这个就和受贿罪里的默示许诺有点像了……我不相信老干妈里完全没有人不知道腾讯费劲吧啦大半年的QQ飞车老干妈广告，这个就足够掰扯半天了  ,0
转发微博 ,0
  哈中-柏杜法考教育  老干妈上架1000瓶辣椒酱回应腾讯  3人伪造老干妈印章与腾讯签合同  热点问题解读[来][来][来]  刑法杨攀 老师“老干妈”案刑法学分析：http  t cn/A6ywa1DL 田少帅“老干妈”案民法学分析[能量少女耶]都有啦~ ,0
笑死了[笑cry]  Minerva猫 太好笑了 ,0
[doge]  用户7472381350会飞的鱼 转发微博 ,0
建议鹅帮老干妈出律师费使用地表最强律师团帮老干妈维权  [加油]这才是真正的大格局 ,0
转发微博 ,0
  史诗奇幻小酒馆 不同情   酿青椒  一贯恶霸的鹅厂卖惨卖傻营销而已，别同情它  被_吃饱睡好身体好  把舆论危机转成营销吧，鹅厂还是很有头脑的 丢的脸和被骗的钱回不来了趁着热度在赶紧做一波傻憨憨+自嘲人设顺便反向营销一下qq飞车  ,0
转发微博 ,0
[羞嗒嗒]44 ,0
真的吗？[doge] ,0
转发微博 ,0
转发微博 ,0
转发微博 ,0
我们鹅还是那个傻白甜鹅 ,0
我可以 （捶桌 ,0
  不考上学绝不改名 我觉得老干妈就算是真找腾讯做广告[doge]也不该是qq飞车hhhhhh那个套装我看一次笑一次  饺子萨基爹 老干妈成最大赢家  ,0
[ ]  用户7472381350会飞的鱼 转发微博 ,0
哈哈哈马一下  urnotDalun 真是绝了 ,0
哈哈哈哈哈哈哈哈哈 我得笑笑，干的漂亮 ,0
转发微博 ,0
  赏味不足 那莆田和你有关么  唐达克说bot 真的么，我不信（鲁豫脸） ,0
 3人伪造老干妈印章与腾讯签合同 笑死了，鹅怎么这么蠢 ??,0
转发微博 ,0
转发微博 ,0
 3人伪造老干妈印章与腾讯签合同 鹅也有今天，对不起，我笑得很大声[笑cry][笑cry][笑cry][笑cry][笑cry][笑cry][笑cry][笑cry]  ??,0
转发微博 ,0
冲啊 ,0
转发微博 ,0
笑死 企鹅肉 ,0
  风闻社区   赵脱俗  卧槽…从来没想到这视频每次换套字幕都能这么搞笑，今天这段还有好几处口型都对上了 [笑cry] ,0
伪装成甲方，可以骗乙方什么？ ,0
[熊猫]  用户7472381350会飞的鱼 转发微博 ,0
越看越好笑  玄学生儿育女法_bot 哈哈哈哈哈哈哈  玉川欧皇 哈哈哈哈  剧荒终结者 艹  草bot 草  Cola炸鸡-  草  山姆森_ 草  全撸剩饭 草  Agent_Leviathan  那真的牛逼  麒璁韩洞 ？？？[费解][费解][费解] ,0
重在参与  ,0
哈哈哈哈哈哈哈哈哈我笑死了 ,0
[思考]  用户7472381350会飞的鱼 转发微博 ,0
  howardjohn   假装文人 转发微博 ,0
转发微博 ,0
老乾媽賺了一波 ,0
也许呢[doge] ,0
[喵喵]  用户7472381350会飞的鱼 转发微博 ,0
继续看戏 ,0
  专业戳轮胎熊律师 果然…… ,0
转发微博 ,0
老干妈成为最大赢家， 风味豆鼓，你值得拥有[doge] ,0
转发微博 ,0
 3人伪造老干妈印章与腾讯签合同 2020活久见系列， 这三个人 这骚操作，南方必胜客这是输了吗[笑cry][笑cry][笑cry][笑cry] ??,0
转发微博 ,0
记忆的村庄 ,0
太草了  灼眼的小熊    Freeze_Rasis 草  不锈钢蛋糕  卵秀飞了 ,0
转发微博 ,0
笑死我了[哈哈][哈哈][哈哈]腾讯被骗了[笑而不语] ,0
414,0
哈哈哈哈哈啊哈哈哈啊笑死了[doge] 3人伪造老干妈印章与腾讯签合同  腾讯中午的辣椒酱突然不香了   ,0
天啊 ,0
是我 ,0
南山必胜客竟然哈哈哈哈哈哈哈哈哈哈哈哈哈哈哈哈哈 ,0
[酷]  用户7472381350会飞的鱼 转发微博 ,0
[鲜花]  用户7472381350会飞的鱼 转发微博 ,0
转发微博 ,0
  Believe林雨 南山法院脸红不，事实不清就随意冻结企业资产，连被告身份都没搞清楚 腾讯和自家法院丢人丢大了  我滴爸爸 哈哈哈，腾讯这次玩的笑死我了，打官司没输过的腾讯这败给老干妈了[允悲] ,1
转发微博 ,0
必须转 ,0
转发微博 ,0
转发微博 ,0
[话筒][话筒] ,1
转发微博 ,0
  DianaYD 腾讯这次，………，人才………哈哈哈哈哈哈哈…… ,1
 3人伪造老干妈印章与腾讯签合同 [哆啦A梦吃惊] ??,0
转发 ,1
哈哈哈哈哈爆笑  FioFioFioFiona 这回旋镖刺激  来去之间   昵称是马甲家的大学生 活久见系列……  午后狂睡 ……没想到鹅厂居然有一天也栽倒在了山寨品上，2020年着实刺激  ,0
鹅也有今天[吃瓜][吃瓜]  昵称是马甲家的大学生 活久见系列……  午后狂睡 ……没想到鹅厂居然有一天也栽倒在了山寨品上，2020年着实刺激  ,0
转发微博 ,0
转发微博 ,0
转发微博 ,0
[可爱] ,0
也不红，倒是爱蹭（bushi ,0
转发微博 ,0
[污]  用户7472381350会飞的鱼 转发微博 ,0
  江宁婆婆 一开始还以为是什么up主自制，结果我去b站看了一眼，这个视频真的是鹅厂官方发的[允悲][允悲][允悲] http  t cn/A6yhBVWU ,0
转发微博 ,0
[doge]企鹅牛逼 ,0
这三个人能在里面吹一辈子：相当年连马化腾都栽在我们手上  所长别开枪是我 还是老干妈报的案[允悲]  迷影 生  [费解]  M大王叫我来巡山 ？笑死[允悲]腾讯被山寨坑游戏礼包这说出去谁信啊  颜文字君 ( … )腾讯居然被骗了 ？  尝乳 卧槽，腾讯的羊毛都敢撸[允悲] ,0
笑死在微博里 ,0
[打call] ,0
 央视调查腾讯老干妈诉讼事件  央视新闻7月2日消息，6月29日，深圳市南山区人民法院的一则执行裁定书吸引了公众的注意，裁定书显示：因为被拖欠广告费，腾讯要求冻结老干妈名下1624 06万元财产   http  t cn/A6yzdDlL ??,0
草[允悲] 一个馒头引发的血案啊这波 ,0
[害羞]  用户7472381350会飞的鱼 转发微博 ,0
kdl  千里照夜玉狮子 嘲笑？这次腾讯的表现让人恐惧，没有沟通，没有证据，就指挥地方法院，查封了另一家国民级公司的资产，我以为只有在资本主义国家发生的事情在我们这里发生了  全世界到处都是栗子 南山必胜客第一次翻船了，各大业内都在嘲笑，真够傲慢的  ,0
卷 ,0
转发微博 ,0
哎 ,0
哈哈哈哈哈哈哈哈哈 ,0
欺负人家连网站都没有，冻结人家资产都不道歉，垃圾腾讯 我要去买瓶肉丝老干妈支持一下陶华碧女士[右哼哼]  P大文保-ZH [偷笑][偷笑][偷笑]  赵脱俗  卧槽…从来没想到这视频每次换套字幕都能这么搞笑，今天这段还有好几处口型都对上了 [笑cry] ,0
转发微博 ,0
[哈欠] ,0
亿中人哈哈哈哈哈哈哈哈哈 ,0
腾讯都能被骗[允悲] ,0
转发微博 ,0
回复 内参热点头条 你老实，所以你没成功   内参热点头条 拼多多成功在于一个骗 淘宝成功在于一个假和偷，最重要的是支付宝  ,0
转发微博 ,0
给我冲[哆啦A梦花 ] ,0
转发微博 ,0
[允悲]  秦祎墨 哈哈哈哈哈哈哈哈哈哈哈救命啊  贝勒王duki [允悲]  画画的张旺 [允悲][允悲][允悲]  万事风过耳 求文求文[笑cry]  酿青椒 哈哈哈哈哈哈哈哈  angel_groundwalker  哈哈哈哈哈哈哈哈  每天都如此冷静  哈哈哈哈哈哈哈哈哈哈 ,0
鹅也太横行霸道了[二哈]  糖果琉璃   浪里赤条小粗林 该敲打鹅了……老干妈这次真的飞来横祸  阿下 好好查查  仓酱_ 这么看来 如果不是老干妈，别的中小企业早被它整死了  吴邪手中的冷烟火 老干妈的资产四月就冻结了，两个月了，这也就是老干妈血厚 ,0
今年抢得有点辛苦 ,0
转发微博 ,0
  逸轩harmony “总裁，老干妈资产已经申请查封了，已经在热搜晾了一天了 ” “她认错了吗？” “她说我们认错人了 ” ,1
转发微博 ,0
转发微博 ,0
666,0
  玄学生儿育女法_bot 鬼鬼俺要看戏  鸠也子  太狠了  阿二不是黑涩会   荒村DNS   不能发芽的种子   菜叶子爱好者   苏耷水   卡了蛋儿kk     _0段岫0_ 冻了两个多月？？腾讯真踏马缺德啊[吐]  壶三猫 垄断企业就是牛逼啊  吴邪手 老干妈的资产四月就冻结了，两个月了，这也就是老干 ,0
资瓷我女神维权   端木苏榭 腾讯昨天一大波卖萌，加这两天一大波内涵辣椒酱不健康真的很low……感情之前不是你们让职业选手空口塞辣椒似的？？  _0段岫0_ 冻了两个多月？？腾讯真踏马缺德啊[吐]  吴邪手 老干妈的资产四月就冻结了，要知道现在是辣椒收获的季节，人家一家企业养活多少贵州的农民 ,0
 3人伪造老干妈印章与腾讯签合同  一时之间我竟不知道是腾讯傻还是骗子太聪明[费解]荒诞幽默现实主义题材的素材来了，坐等开机 ??? ,0
转发微博 ,1
[亲亲]  用户7472381350会飞的鱼 转发微博 ,0
转发微博 ,0
没有鹅厂法务部打不赢的官司[允悲]如果找不到被告呢？…  Ehciarf 2020年度沙雕新闻冠军 ,0
  背着包包一起流浪 2020年想你不敢想的[笑而不语]  神原鸢尾子 虽然我很想站老干妈看腾讯吃瘪，但这个广告太硬核了感觉不像是被骗[跪了] ,0
  炊烟袅袅扬起 我的妈，要笑死了，小企鹅，你也有今天啊，哈哈哈哈哈哈哈哈哈哈哈哈哈哈哈，有生之年腾讯被人白嫖了，哈哈哈哈哈哈啊哈哈哈哈哈哈还 ,1
[羞嗒嗒] ,0
转发微博 ,0
我的我的  ,0
转发微博 ,0
老干妈赶紧反诉腾讯啊     侵犯名誉权   鹅自己脑残被骗，还买热搜诬陷老干妈骗人，赔钱 恢复名誉   [doge]（抵制肖战[怒]） ,0
??????继好几年前美的被诈骗后另一令我咋舌的新闻哈哈哈哈哈哈哈哈哈 ,0
[awsl][awsl][awsl] ,0
一个资深[允悲][允悲][允悲]玩游戏的老流氓，别3个玩游戏的新流氓给骗了，这个可以拍成了连续剧  ,0
笑死 企鹅肉 ,0
 3人伪造老干妈印章与腾讯签合同 真的没有想到现在还有这样的事情，可无语啊 http  t cn/R2WxQ6L ??周口 商水县,0
这合同负责人是吃干饭的吗？？？ ,0
冲啊 ,0
转发微博 ,0
[二哈]  用户7472381350会飞的鱼 转发微博 ,0
 3人伪造老干妈印章与腾讯签合同 拿起了我的经济法看了看善意第三人那些乱七八糟的 ??,0
转发微博 ,0
  小唐小唐满是鱼塘 哈哈哈哈哈哈哈哈哈哈哈受害鹅 http  t cn/A6yhRP24   逸轩harmony “总裁，老干妈资产已经申请查封了，已经在热搜晾了一天了 ” “她认错了吗？” “她说我们认错人了 ” ,0
转发微博 ,0
  添雪齋 这鹅厂岂不是太好骗了？  战争史研究WHS [笑cry][笑cry][笑cry][笑cry] ,0
 天猫双十一总交易额4982亿元 【网购“退款”警惕理赔陷阱】 消费者买的多，后面退货的事件也不少 与此同时，网络购物诈骗活动也开始爆发，各种“套路”让网友防不胜防 云南某女士网购一件200元的衣服时陷入“退款理赔”骗局，被诈骗了近20万元 11zEXCu14 看详情：双11后消费回归理性 网购“退款”警惕理赔陷阱,0
 腾讯中午的辣椒酱突然不香了 腾讯：我就是那个吃了假辣椒酱的憨憨企鹅 [吃瓜] 腾讯中午的辣椒酱突然不香了  百度搜索 手里的瓜突然不香了  腾讯回应被骗  3人伪造老干妈印章与腾讯签合同 http  t cn/A6yheQ0m ? http  t cn/RcgZw8A ??新泰市,1
转发微博 ,0
[doge][doge] http  t cn/A6yhdGML   正在看这行文字的沙雕 当时广告语宣传真的傻啦吧唧的，赛车手：吃了老干妈，我的qq飞车开得更快了 [跪了][跪了][跪了][跪了]  帅哥美女安利社 我真觉得老干妈没必要做广告 更没必要再那样类型的游戏上做广告[允悲] ,0
[并不简单]  用户7472381350会飞的鱼 转发微博 ,0
疯狂? 购物车 ,0
??? ,0
转发微博 ,0
腾讯也有被薅羊毛的一天 ,0
转发微博 ,0
  法的冰山一角 总结下：有担保有申请就可以财产保全，所以此举不是企鹅霸权；民事审判如果以刑案为根据，就要中止，但商事案件如果不以刑案为根据，应当继续审理；本案关键在于老干妈是否“又当又立”，表见代理；财产保全错了要赔，可以拉保险下水  ,0
[吃瓜]你们都是一本正经的样子噢  ,0
哈哈哈哈哈哈  贝勒王duki  [允悲]  画画的张旺 [允悲][允悲][允悲]  万事风过耳 求文求文[笑cry]  酿青椒 哈哈哈哈哈哈哈哈  angel_groundwalker  哈哈哈哈哈哈哈哈  每天都如此冷静  哈哈哈哈哈哈哈哈哈哈 ,0
赞同 ,0
太搞笑了吧[允悲]腾讯你醒醒啊 ,0
? ,0
转发微博 ,0
嗯414 ,0
转发微博 ,1
转发微博 ,0
祝越来越好   ,0
？忽然好想知道在南山区法院工作是什么样的体验[馋嘴] ,0
转发微博 ,0
转发微博 ,0
转发微博 ,0
转发微博 ,1
我来啦 ,0
最大赢家：BILIBILI[并不简单]  林熊猫  能深度采访一下骗子吗？  李铁根 爱情的骗子我问你  江南大野花 笑死了 鹅是真走 了  月刊勇者KuMa君 得笑半年  跳跳兲虎 真行为艺术了  一格  腾讯好委屈但是好好笑啊哈哈哈哈哈哈 ,0
这回真是免费广告了[偷笑] ,0
[亲亲]  用户7472381350会飞的鱼 转发微博 ,0
有句讲句我觉得这个乌龙对鹅这个游戏起到的广告效果意外的好  貓大夫飛觴醉月高臥翻書  这真是编都编不出来[笑cry][笑cry][笑cry]  花七小妖  今日快乐源泉  铁菊老萝莉捅爷 再转一下，真的太好笑了  千金金金金不换  哈哈哈哈哈哈 ,0
 3人伪造老干妈印章与腾讯签合同 震惊 2020上半年第一天腾讯公司居然被“老干妈”骗了，以前都是骗别人，如今也会被骗，真是“大快人 ”，本来是一件违法行为，为啥我很想笑？[哈哈]http  t cn/A6yhUS5Q????,0
[可怜]  用户7472381350会飞的鱼 转发微博 ,0
鹅居然被骗了哈哈哈哈好凄惨子  浪里赤条小粗林 我他妈笑死哈哈哈哈哈哈哈哈鹅你也有今天 这新闻反转真是比洋葱新闻都可乐哈哈哈哈哈哈哈哈哈哈  ,0
鹅厂是来搞笑的吧 ？[允悲][允悲] 看着跟假新闻似的，不过这也是人才，空手套礼包码倒卖  那买了这些礼包码的玩家要怎么办，鹅厂会封账号删道具吗？ ,0
转发微博 ,0
肥肠需要了 ,0
  苏耷水   卡了蛋儿kk    九霄快乐小熊_糕 甜蜜糖 靠真他妈恶 ?  _0段岫0_ 冻了两个多月？？腾讯真踏马缺德啊[吐]  壶三猫 垄断企业就是牛逼啊  吴邪手 老干妈的资产四月就冻结了，两个月了，这也就是老干妈血厚，要知道现在是辣椒收获的季节，人家一家企业养活多少贵州的农民 ,0
  诗债累累 哈哈哈哈哈哈哈  考古君 被辣的眼泪止不住[喵喵]  江宁婆婆 一开始还以为是什么up主自制，结果我去b站看了一眼，这个视频真的是鹅厂官方发的[允悲][允悲][允悲] http  t cn/A6yhBVWU ,0
？？？ ,0
哈哈哈哈哈哈哈  转基因辣酱 笑死，妈化腾[作揖] ,0
转发微博 ,0
卧槽薅鹅毛了 ,0
xswl  乔凯文 完整版来了  ,0
转发微博 ,0
鹅干酱……  不信人间可白头 老干妈可以出个鹅味辣酱吗？  祖宗 腾讯找了个假老干妈签广告，然后假老干妈没付钱，腾讯错把真老干妈告了，老干妈报警了[doge] ,1
 3人伪造老干妈印章与腾讯签合同 草蛇灰线，伏脉于千里之外  ??,1
芜湖 ,0
这是我一天的快乐源泉 哈哈哈哈哈哈哈哈哈哈哈   ,0
 3人伪造老干妈印章与腾讯签合同  这?是果然有意思的哈哈哈哈哈[允悲][允悲][允悲]忽然有点同情鹅了[笑cry] ??,0
转发微博 ,0
[允悲] ,0
[中国赞][中国赞][中国赞][给你小  ][给你小  ][给你小  ][给力][给力][给力] ,0
人生应该怀抱希望的  ,0
  林熊猫 我觉得QQ飞车血赚，绑上个国民IP   吃瓜群众CJ 老干妈血赚  江宁婆婆 [允悲][允悲][允悲]你还弄个完整版  ,0
转发微博 ,0
[doge][doge][doge] ,0
此事恐怕没有这么简单吧？双方一定有人在“做假 说谎” 拭目以待…  ,0
[太开 ]  用户7472381350会飞的鱼 转发微博 ,0
  枭铮  哈哈哈哈[喵喵]  神奇知识点  腾讯：“陶老太太，今天你这个钱还也得还，不还也得还 白纸黑字儿签着你的名儿……不然我就要上法院 ” 陶碧华：“我说我不签，你非让我签，我签……告我去吧 ” 腾讯：“我提醒您这可签着您的大名儿呢” 陶碧华：“我签的是啥？ ” 腾讯：“老干妈？ ” ,0
[作揖][吐]  重工组长于彦舒   卡了蛋儿kk    萝卜特Robert [吐]  卡介伦   _0段岫0_ 冻了两个多月？？腾讯真踏马缺德啊[吐]  壶三猫 垄断企业就是牛逼啊  吴邪手 老干妈的资产四月就冻结了，两个月了，这也就是老干妈血厚，要知道现在是辣椒收获的季节，人家一家企业养活多少贵州的农民 ,0
哈哈哈哈哈哈哈笑的很大声 ,0
逗鹅冤[吃瓜] ,0
转发微博 ,0
 3人伪造老干妈印章与腾讯签合同 活久见 ??,0
？？？这也太狗血了吧哈哈哈哈哈哈 ,0
[哼] ,0
哈哈哈哈哈  Ehciarf 2020年度沙雕新闻冠军 ,0
[困]  春宅的袖孖   重生之我是謽剡醹蘤鵛戓賯龘   夜锦君归 你是个什么东西你自己不知道？魏则西事件我可一直没忘记   泡芙泰勒 骗子集中地  左手煙花右手流年 百度搜索什么德行，这不是明知故问吗  ,0
转发微博 ,0
我 ,0
[太开 ]  用户7472381350会飞的鱼 转发微博 ,0
企鹅被骗，八方点赞 我喜欢老干妈[doge] ,0
转发微博 ,0
 财经  财经[超话] [允悲][允悲][允悲] ,0
  _海洛 为什么天猫不卖房  苏南慕辰  来了   沈小司司 也是这个项目老合作人了  赭麒麟 就没买什么 万一中了岂不是很亏[胖红生气] ,0
哈哈哈哈，年度沙雕新闻没跑了[doge] ,0
[鼓掌]  用户7472381350会飞的鱼 转发微博 ,0
这相当深度了 ,0
转发微博 ,0
转发 ,1
[打call] ,1
哈哈哈哈哈哈哈哈哈哈哈哈  天眼查 官方通报：为获取游戏礼包码， 3人伪造老干妈印章与腾讯签合同  ，已被刑拘   天眼查  老干妈回应被腾讯起诉  ：未与腾讯有任何合作，腾讯被骗了；已报案 [吃瓜]鹅是不是需要开个天眼查VIP啊[doge] ,0
不行了哈哈哈哈哈哈哈你也有今天  九三JD 这事是好笑到家了[允悲]  贰臣_想变得高产 ？[允悲][允悲][允悲]  受到庇佑 想事成的住持 ？？？  游研社  3人伪造老干妈印章与腾讯签合同 ，目的是为了获取腾讯公司在推广活动中配套赠送的网络游戏礼包码  http  t cn/A6yh2zYS ,0
转发微博 ,0
转 ,0
哈哈哈哈哈哈哈哈吃瓜吃到自己头上  江宁婆婆 [允悲]等等，怎么回事？[允悲] ,0
你状告老千妈干我老干妈何事？[哈哈] ,0
完胜 ,0
  啃糖醋白骨的御小p 哈哈哈哈  我真是球球你了 太搞笑了我真的要笑死太丢脸了  雪霏Sophia 鹅是真的全 全意在付出  刘码露  陶华碧：？？？关我peace  江南大野花 笑死了 鹅是真走 了  月刊勇者KuMa君 得笑半年  跳跳兲虎 真行为艺术了  一格  腾讯好委屈但是好好笑啊哈哈哈哈哈哈 ,0
转发微博 ,0
转发微博 ,0
[打call] ,0
转发微博 ,0
太有才了[允悲]  神奇知识点 腾讯：“陶老太太，今天你这个钱还也得还，不还也得还 白纸黑字儿签着你的名儿……不然我就要上法院 ” 陶碧华：“我说我不签，你非让我签，我签……告我去吧 ” 腾讯：“我提醒您这可签着您的大名儿呢” 陶碧华：“我签的是啥？ ” 腾讯：“老干妈？ ” ,0
转发微博 ,0
咿呀咿得喂  ,0
哈哈哈哈哈哈哈  miumiu嬉皮 哈哈哈哈哈哈哈哈哈哈哈  惨绿少年金三坨  今天是腾讯老板马化腾被骗的日子，只要把这个消息发给两个群，就能让大家开 一下，我已经试过了，10秒钟就能获得几百个“哈哈哈哈哈哈哈”，不相信也要试试，反正没坏处 ??? ,0
转发微博 ,0
 3人伪造老干妈印章与腾讯签合同 笑死我了 腾讯：老干妈你欠我钱了老干妈：没有的事儿哈哈哈哈 ??,0
转发微博 ,0
转发微博 ,0
转发微博 ,0
[好爱哦]  用户7472381350会飞的鱼 转发微博 ,0
哈哈哈  我滴爸爸 哈哈哈，腾讯这次玩的笑死我了，打官司没输过的腾讯这败给老干妈了[允悲] ,0
[吃瓜]  用户7472381350会飞的鱼 转发微博 ,0
转发微博 ,0
转发微博 ,0
转发微博 ,0
[ ]  用户7472381350会飞的鱼 转发微博 ,0
转发微博 ,0
转发微博 ,0
  但斌   股道热肠也 转发微博 ,0
真是天道好轮回啊[二哈]  午后狂睡 ……没想到鹅厂居然有一天也栽倒在了山寨品上，2020年着实刺激  ,0
好的 ,0
哈哈哈哈哈[哈哈][哈哈] http  t cn/A6y7ciMJ ,0
[哈欠]  用户7472381350会飞的鱼 转发微博 ,0
转发微博 ,0
转发微博 ,0
转发微博 ,0
转发微博 ,0
转发微博 ,0
转发微博 ,0
[吃瓜]  用户7472381350会飞的鱼 转发微博 ,0
转发微博 ,0
腾讯先是在qq飞车上为老干妈打了一波广告，现在又给老干妈打了一波广告 别说了，我现在就去买瓶老干妈恰[笑cry] ,0
转发微博 ,0
[好爱哦]  用户7472381350会飞的鱼 转发微博 ,0
6666666，鹅也有吃瘪的一天呀 ,0
转发微博 ,0
“双11”购物节推陈出新，再创销售规模新纪录 ——内需潜力加速释放 http  t cn/A6GSqO4N ??,0
我来了我来了我来了 ,0
哈哈哈哈哈哈哈哈哈哈哈哈鹅? ,0
  我是阿册啊   妖妖小精   重工组长于彦舒   卡了蛋儿kk    萝卜特Robert [吐]   _0段岫0_ 冻了两个多月？？腾讯真踏马缺德啊[吐]  壶三猫 垄断企业就是牛逼啊  吴邪手 老干妈的资产四月就冻结了，两个月了，这也就是老干妈血厚，要知道现在是辣椒收获的季节，人家一家企业养活多少贵州 ,0
 3人伪造老干妈印章与腾讯签合同  “南山必胜客惨遭滑铁卢”[嘻嘻][嘻嘻][嘻嘻] ??,0
不得不说大厂的广告业务部门人员真的水平堪忧 ,0
转发微博 ,0
转发微博 ,1
转发微博 ,0
轉發微博 ,0
转发微博 ,0
转发微博 ,0
早上听新闻还不可思议，神奇反转[二哈]  午后狂睡 ……没想到鹅厂居然有一天也栽倒在了山寨品上，2020年着实刺激  ,0
  亲要一杯狗血吗 不是，前边的我都认可，但这个我有意见，36-40岁怎么对游戏礼包熟悉很奇怪了？我十年前我20出头在游戏公司打游戏的大佬都是30，40的，如今40 50了，照样跟我们打游戏…[允悲][允悲][允悲]…… http  t cn/A6yhQtFI ,0
[笑而不语]  用户7472381350会飞的鱼 转发微博 ,0
转发微博 ,0
[二哈]  用户7472381350会飞的鱼 转发微博 ,0
转发微博 ,0
转发微博 ,0
大项目[哈哈][哈哈] ,0
转发微博 ,0
愿天下无假章  魔力切 [笑cry]  吃瓜群众CJ 老干妈血赚  江宁婆婆 [允悲][允悲][允悲]你还弄个完整版  ,0
 3人伪造老干妈印章与腾讯签合同  反诉反诉，快反诉腾讯侵权使用你们老干妈品牌做游戏广告 老干妈风味食品[吃瓜][吃瓜][吃瓜] ,0
哈哈哈哈哈哈哈哈哈  愁小多丶  [允悲][允悲][允悲]哈哈哈哈哈哈哈哈  江宁婆婆 [允悲]等等，怎么回事？[允悲] ,0
  爱欧斯巴达   苍炎的人形师  卧槽   Atomkuma 草两个月   永山C太  腾讯的pr继续跳呀，傻你妈白甜  拉维欧尔  ?   _0段岫0_  冻了两个多月？？腾讯真踏马缺德啊[吐]  吴邪手  老干妈的资产四月就冻结了，两个月了，这也就是老干妈血厚，要知道现在是辣椒收获的季节，人家一家企业养活多 ,0
[舔屏]  用户7472381350会飞的鱼 转发微博 ,0
转发微博 ,0
这次也太搞笑了吧？老干妈双赢 ,0
鹅也有今天[笑cry][笑cry][笑cry] ,0
  向小田 有内味了   蓝宝熊喵   都市怪诞录 cp组合叫：妈华腾  万事风过耳 求文求文[笑cry]  酿青椒 哈哈哈哈哈哈哈哈  angel_groundwalker  哈哈哈哈哈哈哈哈  每天都如此冷静  哈哈哈哈哈哈哈哈哈哈 ,0
真的是个很不错的分享哦(*?? `?)? ,0
哈哈哈哈哈哈哈哈哈哈哈哈哈哈哈哈哈哈哈哈哈哈哈哈哈哈哈哈哈哈哈哈哈哈哈哈哈哈哈哈哈哈哈哈 ,0
转发微博 ,0
看过，冲着孔艺珍去的，结果发现这个电影情节太多让人吐槽的地方，而且孙艺珍扮演的谈判专家谈判技巧太一般，基本没啥说服力，这谁写的剧本？失败   ,0
幸运的大锤砸中我吧  ,0
转发微博 ,0
[允悲]  小小方士2020 他连公众号都懒得更新还找你打广告 ,0
  江宁婆婆 [允悲][允悲][允悲]你还弄个完整版  ,0
真的笑死了哈哈哈哈哈哈哈哈哈 ,0
[好喜欢]  用户7472381350会飞的鱼 转发微博 ,0
  想睡觉的算   不能发芽的种子    九霄快乐小熊_糕 甜蜜糖  靠真他妈恶 ?  _0段岫0_  冻了两个多月？？腾讯真踏马缺德啊[吐]  壶三猫  垄断企业就是牛逼啊  吴邪手  老干妈的资产四月就冻结了，两个月了，这也就是老干妈血厚，要知道现在是辣椒收获的季节，人家一家企业养活多少 ,0
鹅怕不是个傻白甜吧 ,0
[太开 ]  用户7472381350会飞的鱼 转发微博 ,0
  兽爷 年度洋葱新闻一号入围作品 ,0
我也参与了这个4982亿的大项目[打call] ,0
  乔柏一个  笑死我了，史上成功白嫖腾讯第一人  千亿夏 草，老干妈千古奇冤，腾讯也惨  白桃桃_大号估计彻底挂了    你们是我世界里的小星星 说真的老干妈完全不需要一个半死不活的手游来帮忙做宣传【   虾米HP65_今天吹温了吗 终于把瓜吃全了[吃瓜]  江宁婆婆  [允悲]你还弄个完整版  ,0
转发微博 ,0
 3人伪造老干妈印章与腾讯签合同 打官司之前不打打电话确实也不发律师函，这可能是企鹅历史上最羞愧的一幕 [酷] http  t cn/Rz1n8oN ??西安 电子城,1
腾讯这么大一个分司也会[笑cry][笑cry] ,0
转发微博 ,0
  考古君 被辣的眼泪止不住[喵喵]  秦祎墨 等我下课来看这个憨憨  胡萝卜的吉光片羽 哈哈哈哈哈哈哈哈哈哈  江宁婆婆 一开始还以为是什么up主自制，结果我去b站看了一眼，这个视频真的是鹅厂官方发的[允悲][允悲][允悲] http  t cn/A6yhBVWU ,0
转发微博 ,0
[好爱哦]  用户7472381350会飞的鱼 转发微博 ,0
转发微博 ,0
哈哈哈哈哈上半年最搞笑新闻 ,0
这特么居然是真消息[允悲][允悲][允悲]  克里斯gmail 腾讯被骗了？[允悲][允悲] ,0
[失望] ,0
转发微博 ,0
  妇女之敌罗严塔   第二人造天堂 [笑cry]  bennyal    Finance鸟不飞 腾讯约百度去爬山啊[哈哈]  崔紫剑 [笑cry][笑cry][笑cry][笑cry]  风闻社区   赵脱俗  卧槽…从来没想到这视频每次换套字幕都能这么搞笑，今天这段还有好几处口型都对上了 [笑cry] ,0
出来混迟早是要还的 ,0
转发微博 ,0
转发微博 ,0
每年都要让你赚钱[喵喵] ,0
可能吗[好喜欢] ,0
[兔子]  用户7472381350会飞的鱼 转发微博 ,0
[憧憬]  用户7472381350会飞的鱼 转发微博 ,0
做个分母，今年是双11花钱最多的一年 ,0
  午夜南瓜阴阳人随机数 不好笑，公关过头了 ,0
[吃瓜]  用户7472381350会飞的鱼 转发微博 ,0
[吃瓜] ,0
 3人伪造老干妈印章与腾讯签合同 鹅手遮天还阴阳怪气装什么委屈呢？不知道的还以为是老干妈欺负它呢？可别恶人先告状了，而且还有脸营销自己是傻白甜，傻白甜能在明知对方是受害人的情况下冻结对方资产吗？是不是所有大腹便便的爹味老油条出了事都洗白自己是傻白甜，我要恐傻白甜了  ??,0
南山必胜客打眼了？  好人夸我长得帅  腾讯真被骗了啊 厉害啊[跪了] ,0
转发微博 ,0
转发微博 ,0
  麦田守望翁2  玩鹰被鹰啄眼了   陈熙啊陈熙 腾讯：向来老子骗别人 谁想到…… ,0
锦鲤 ,0
吃到一个富有搞笑内涵又有点让人生气的瓜哈 ,0
[ ]  用户7472381350会飞的鱼 转发微博 ,0
抽我吧 今年我买的少[doge] ,0
转发微博 ,0
锦鲤转发 ,0
 3人伪造老干妈印章与腾讯签合同 这波啊，这波是白嫖[笑而不语] ??,0
转发微博 ,0
这段子倒是贴切[偷乐]  神奇知识点 腾讯：“陶老太太，今天你这个钱还也得还，不还也得还 白纸黑字儿签着你的名儿……不然我就要上法院 ” 陶碧华：“我说我不签，你非让我签，我签……告我去吧 ” 腾讯：“我提醒您这可签着您的大名儿呢” 陶碧华：“我签的是啥？ ” 腾讯：“老干妈？ ” ,0
转发微博 ,0
[加油][加油] ,0
[鼓掌]  用户7472381350会飞的鱼 转发微博 ,0
[允悲] ,0
马克 ,0
  正在学习中-闭关ing   学习第一oshi第二 吐了  _CHiRO_ 冻了两个多月………腾讯卖个头的萌  灌江口驻花果山情感记录员    谢琴酒  就说了卖人设是没有用的，鹅这种缺德企业没必要当看客是傻子哈   _0段岫0_  冻了两个多月？？腾讯真踏马缺德啊[吐]  壶三猫  垄断企业就是牛逼啊 ,0
来了[awsl] ,0
[亲亲]  用户7472381350会飞的鱼 转发微博 ,0
【贵阳警方： 3人伪造老干妈印章与腾讯签合同  被刑拘】日前，腾讯状告老干妈欠广告费，老干妈称腾讯遭遇诈骗 7月1日，贵阳公安双龙分局通报，3人伪造老干妈公司印章，冒充该公司市场经营部经理与腾讯签订合作协议，目前3人已被刑拘  ?  你怎么看？ 艺考[超话]  福建播音艺考  即兴评述  播音主持艺考  即评素材  即兴评述每日一练 ,1
棒棒哒  ,0
玩鹰的让鹰啄了眼 ,0
转发微博 ,0
转发微博 ,0
哈哈哈哈哈哈哈哈哈哈哈哈哈哈哈哈哈 ,0
 冘冘儿 支持老干妈，为腾讯点赞[互粉][互粉][互粉] ,0
hhhhh ,0
痴线哈哈哈哈哈哈哈笑死我了  游研社 更新： 3人伪造老干妈印章与腾讯签合同 ，目的是为了获取腾讯公司在推广活动中配套赠送的网络游戏礼包码  http  t cn/A6yh2zYS ,0
  M大王叫我来巡山  我要笑死了……这是和骗子签的多深度的推广哦……  孙策不与周郎便 太滑稽了吧 ,0
转发微博 ,0
草哈哈哈哈哈哈哈哈哈哈哈哈哈哈哈哈哈哈哈哈哈哈哈哈哈哈哈哈哈哈哈哈哈哈哈哈哈哈哈哈哈腾讯居然被骗了哈哈哈哈哈哈哈哈哈哈哈哈哈哈哈哈哈哈哈哈 ,0
这也太用 了  林熊猫 能深度采访一下骗子吗？  李铁根 爱情的骗子我问你  江南大野花 笑死了 鹅是真走 了  月刊勇者KuMa君 得笑半年  跳跳兲虎 真行为艺术了  一格  腾讯好委屈但是好好笑啊哈哈哈哈哈哈 ,0
老干妈，牛逼 ,0
??  超级水流漩涡兔 四月就   Keyes小木   阿脫幸運F- 真的不要臉  捂臉遁走  …我以为就2天  九霄快樂小熊_糕 甜蜜糖  靠真他妈恶   _0段岫0_  冻了两个多月？？腾讯真踏马缺德啊[吐]  吳邪手  老干妈的资产四月就冻结了，两个月了，这也就是老干妈血厚，要知道现在是辣椒收获的 ,0
 3人伪造老干妈印章与腾讯签合同 【 老干妈回应被腾讯起诉 ：与腾讯没有任何合作，他们被骗了 [费解]】有关腾讯起诉贵州 老干妈 并要求法院冻结后者千万资产等事宜，今天下午，老干妈公司相关负责人回应第一财经记者表示，并没有与腾讯有任何的合作 关于此事，老干妈公司认为，腾讯公司被骗了 老干妈公司已经向警方报案，稍晚会发布声明 腾讯回应起诉老干妈 http  t cn/A6yvxfSk http  t cn/RcgZw8A新泰市,1
  战争史研究WHS 毕竟是? 背后的资本[吃瓜][吃瓜]  _0段岫0_ 冻了两个多月？？腾讯真踏马缺德啊[吐]  吴邪手 老干妈的资产四月就冻结了，两个月了，这也就是老干妈血厚，要知道现在是辣椒收获的季节，人家一家企业养活多少贵州的农民 ,1
转发微博 ,0
哈哈哈哈哈哈哈哈 ,0
  kimi-其尾君 笑出眼泪  XXX一姐木木 [笑cry]  某hi 噗哈哈哈，这憨憨形象，这热度，1600万没白花[允悲]  江宁婆婆 一开始还以为是什么up主自制，结果我去b站看了一眼，这个视频真的是鹅厂官方发的[允悲][允悲][允悲] http  t cn/A6yhBVWU ,0
笑死我了[哈哈][哈哈][哈哈]腾讯被骗签了假合同，还要起诉人家[笑而不语]这法务只怕签了真合同都起诉不赢吧[doge] ,0
谁能告诉我成交额是啥[晕][晕][晕]总不能14亿人平均每个人买了300多亿吧[晕][晕][晕] ,0
普通人申请个劳动仲裁要办理好几个月，好不容易判决书下来了却没屁用，还得再去法院申请强制执行 终于走完一堆流程了，法院还要办理个半年 瞧瞧人家大资本家，当天就给你查封了财产，谁不说声牛逼[二哈] ,0
老干妈成最大赢家 ,0
[酷]  用户7472381350会飞的鱼 转发微博 ,0
转发微博 ,0
试一试  ,0
中 ,0
鹅肠和辣酱谁是受害者? 3人伪造老干妈印章与腾讯签合同  老干妈回应被腾讯起诉  腾讯回应起诉老干妈  ??,0
哈哈哈哈哈哈哈哈很想笑  Argon_三只白狗熊   漫威大法好 哈哈哈哈哈哈哈  謝海羣 腾讯也有这一天[哈哈] http  t cn/A6yh6fxY ,0
 HOHO酱紫  故烧高烛照红妆 我可以 ,0
艹，就为了骗游戏礼包倒卖？ ,0
亿中人 ,0
腾讯签合同的人就是一帮傻子 脸丢大了吧  ,0
转发微博 ,0
转发微博 ,0
我们老干妈还需要打广告吗？动哈脑子行不[允悲] ,0
转发微博 ,0
【一线实践】“双11”辽宁消费能力亮眼全国 http  t cn/A6GoK9o3 ??,0
我的 ,0
转发微博 ,0
太给力了，[来] ,0
下半年第一天好欢乐，百度也来了[允悲] 3人伪造老干妈印章与腾讯签合同  ??,0
转发微博 ,0
[兔子][兔子][舔屏] ,0
 3人伪造老干妈印章与腾讯签合同 以后三人出来在简历上写：我替老干妈在qq飞车上打过广告，腾讯不收钱  ??,0
转发微博 ,0
转发微博 ,0
转发微博 ,0
转发微博 ,0
 甜酒酿青茶   白御新  又是up，咦我为什么要说又[笑cry]  崔紫剑  [笑cry][笑cry][笑cry][笑cry]  风闻社区   赵脱俗  卧槽…从来没想到这视频每次换套字幕都能这么搞笑，今天这段还有好几处口型都对上了 [笑cry] ,0
哈哈哈哈哈哈哈哈哈哈哈哈哈哈哈 ,0
我我我  ,0
行 ,0
[二哈]  用户7472381350会飞的鱼 转发微博 ,0
我他妈笑没了[笑cry]  耳科赵医生 鹅长官方在B站发布的，算是承认被骗了 ,0
转发微博 ,0
转发微博 ,0
中了就过双十二 ,0
哈哈哈哈哈哈哈哈哈哈哈  江宁婆婆 [允悲][允悲][允悲]你还弄个完整版  ,0
[允悲][允悲][允悲] ,0
  风小餮tie ？   快递员吴彦祖 这种做法真没意思  然后下面就没了    M大王叫我来巡山 老干妈真是倒了血霉了  妖妖小精   萝卜特Robert [吐]   吴邪手 老干妈的资产四月就冻结了，两个月了，这也就是老干妈血厚，要知道现在是辣椒收获的季节，人家一家企业养活多少贵州的农民 ,0
转发微博 ,0
我的的确确是笑到飞起 ,0
蹭好运 ,0
  盒马 参与了4982亿大项目的合伙人前来报到   关注?点赞，再抽一人送超大公仔，给你一个超级大大大大大涌抱呀[给你小  ][给你小  ][给你小  ] ,0
转发微博 ,0
  -魔君 今年过于魔幻哈哈哈  宣和一人  当当创始人李国庆 ：你们知道我当初为什么去抢章了吧 ,0
  M大王叫我来巡山 以为是商战相爱相杀文，点进去发现是喜剧文  纯良英俊的笑了笑 2020世纪虐恋  这是一个很高冷的ID 哈哈哈哈哈哈哈哈哈  圈酱 哈哈哈哈哈哈哈  你不要脸的样子真可爱 草  第十一毛 笑死哈哈哈哈哈 ,0
  M大王叫我来巡山 我要笑死了……这是和骗子签的多深度的推广哦……  孙策不与周郎便 太滑稽了吧 ,0
时评：【人民日报评直播营销：是信任营销，不是“一锤子买卖”】 艺考[超话]  福建播音艺考  即兴评述  播音主持艺考  即兴评述每日一练直播带货有了“行规” 不久前，中国广告协会发布并实施《网络直播营销行为规范》 这将进一步规范网络直播营销活动，为营造良好市场环境 促进网络直播营销业态健康发展，提供了制度保障 近年来，网络直播在一定程度上拓宽了商品营销渠道，带动了直播经济 从最初卖食品 日用品，到如今卖房子 汽车等，再到地方干部直播带货卖当地农产品，网络直播营销方兴未艾 有数据显示，2019年中国直播电商行业的总规模达到4338亿元，预计2020年市场规模将突破9000亿元 可以说，直播营销便利了生活，增加了就业，带来了商机，活跃了经济 直播营销趋热的同时，也存在着一些消费陷阱，损害了消费者权益，也影响到自身健康发展 比如，有些商家夸大其词，消费者收到商品后才发现，名品变赝品 好货变水货 价廉不物美；消费者遇到产品质量问题，售后服务却跟不上；有的直播平台或主播为制造“火热假象”，不惜制造虚假数据 泡沫流量 中消协的统计数据显示，37 3%的受访者在直播购物中遇到过消费问题 保质保量 诚信经营，保障消费者权益，是直播营销必须坚守的底线 无论技术如何迭代 渠道如何更新，直播营销仍是市场营销行为，都应坚持诚信经营的价值取向 正因如此，此次发布的《规范》明确规定，“应当全面 真实 准确地披露商品或者服务信息”“严格履行产品责任，严把直播产品和服务质量关”“依法依约积极兑现售后承诺” 直播营销越是红火，越应该筑牢诚信经营的基石 对此，各方应该凝聚合力，共同治理 比如，直播平台要加强内容审核力度 完善诚信评价机制；相关监管部门要严厉打击虚假营销行为，提高侵权成本 直播营销不是“一锤子买卖”，更加重口碑 重质量，输出正能量，才能实现长远发展 直播营销某种意义上是信任营销，呵护信任至关重要 在很多直播营销中，之所以出现“秒光”现象，一个重要原因在于消费者对主播的信任，而这种信任的建立非一日之功，是长期培育的结果 有调研显示，消费者从直播间购买的产品如果出现一次质量问题，信 立即受损，如果多次遭遇质量问题，消费者将放弃关注 这提醒人们，直播营销要赢得消费者持久青睐，重在建立与消费者稳固的信任关系 从这个角度看，直播营销只有以信任为纽带，充分理顺平台 主播 商家 消费者之间的关系，才能持续激发市场活力 直播营销健康发展，需要各方力量参与其中，明规范 建制度 立规矩，才能让消费者充分享受互联网红利，为直播经济赢得未来 ,1
转发微博 ,0
我花的不多 如果抽中我了多亏啊[喵喵] ,0
加油 ,0
在最深的红尘里漫步 ,0
我觉得你先和马应龙联动下；这次记得查人家身份 ,0
这个梳理之后更好笑了，还是老干妈帮忙报警哈哈哈哈 ,0
鹅实惨  江宁婆婆 [允悲][允悲][允悲]你还弄个完整版  ,0
转发微博 ,0
转发微博 ,0
转发微博 ,0
[害羞]  用户7472381350会飞的鱼 转发微博 ,0
分母 ,0
转发微博 ,0
赞一个，支持，加油  ,0
? ,0
转发微博 ,0
转发微博 ,0
转发 ,0
就是我[doge] ,0
  神奇知识点 腾讯：“陶老太太，今天你这个钱还也得还，不还也得还 白纸黑字儿签着你的名儿……不然我就要上法院 ” 陶碧华：“我说我不签，你非让我签，我签……告我去吧 ” 腾讯：“我提醒您这可签着您的大名儿呢” 陶碧华：“我签的是啥？ ” 腾讯：“老干妈？ ” ,0
转发微博 ,0
转发微博 ,0
hhhhhhhhh  马玉兰还在害人  把百度吓得  刘码露 鹅：好酸楚  水晶男孩鸡大帅 笑死 全网甩锅  Tiger公子   芸豆和雨豆 百度说不是他们的锅 ,0
[好喜欢]  用户7472381350会飞的鱼 转发微博 ,0
啊啊啊啊啊 ,0
转发微博 ,1
[污]  用户7472381350会飞的鱼 转发微博 ,0
我来了  ,0
转发微博 ,0
转发微博 ,0
[doge][doge][doge] ,0
把ni的口粮给报销了  ,0
  福禄寿喜吉祥茶 [黑线]  煌豹小队长  D区  亚尼大帝   风墨大仙儿  四月就宁可错杀地冻了别人还好意思说自己是个被骗的憨憨？？  忆海璇   鹅别营销洗白了  鞋袜一笑  傻白甜？  壶三猫  垄断企业就是牛逼啊  吴邪手中的冷烟火  老干妈的资产四月就冻结了，两个月了，这也就是老干妈血厚 ,0
转发微博 ,0
转发微博 ,0
  九三JD 哼…  风小餮tie ？   快递员吴彦祖 这种做法真没意思  然后下面就没了    M大王叫我来巡山 老干妈真是倒了血霉了  妖妖小精   萝卜特Robert [吐]   吴邪手 老干妈的资产四月就冻结了，两个月了，这也就是老干妈血厚，要知道现在是辣椒收获的季节，人家一家企业养活多少贵州的 ,0
转发微博 ,0
转发微博 ,0
快乐呀 ,0
你哭了，敌人就笑了，哈哈哈在线吃瓜可还行[doge][doge][doge] 3人伪造老干妈印章与腾讯签合同  ??,0
哈哈哈哈哈哈哈哈哈哈哈哈呀呀呀嘎嘎嘎嘎嘎嘎 ,0
 高甜月野兔 哈哈哈哈哈 ,0
不行了笑死了哈哈哈哈 ,0
哈哈哈哈哈哈 ,0
转发微博 ,0
我也是参与过千亿项目的人了[doge] ,0
  M大王叫我来巡山 我要笑死了……这是和骗子签的多深度的推广哦……  孙策不与周郎便 太滑稽了吧 ,0
人在智慧上应当是明豁的，道德上应该是清白的，身体上应该是洁净的[大毛惊讶][小黄人微笑] ,0
今年企业界的瓜也太有趣了[笑cry][笑cry]  SAKURA_阿秀  唯有山寨才能打败山寨[doge]  琴麻岛的深蓝  [允悲]  江宁婆婆  [允悲][允悲][允悲]你还弄个完整版  ,0
转发微博 ,0
 3人伪造老干妈印章与腾讯签合同 抄袭起来的公司最后被骗子耍了  笑死了 ??,0
转发微博 ,0
【饭后吃哪种瓜好呢】 律师称李子柒维权难度较大  3人伪造老干妈印章与腾讯签合同  http  t cn/A6yh1YG7 ??,1
转发微博 ,0
做的方下巴 T字截骨 双眼埋线，现在已经完全恢复了，稍微化点淡妆都感觉好漂亮 八大处  上海九院  下颌角磨骨  3人伪造老干妈印章与腾讯签合同  有整形问题可以咨询于我 ，免费为你解答哦  也可扫描下方二维码进群与小伙伴们探讨交流哦~ ??,0
[太开 ] ,0
 巴啦啦巴哈 ,0
转发微博 ,0
[加油][ ] ,0
转发微博 ,0
转发微博 ,0
转发微博 ,0
[笑cry][笑cry][笑cry] ,0
转发微博 ,0
转发微博 ,0
转发微博 ,0
转发微博 ,0
2020年天猫双11成交额突破4982亿，超过2019年双十一成交额的2684亿，今年双十一你贡献了多少？ 双十一  双十一回血之战  双11战报  你最后网购的那个东西拥有了2万倍  双11啥都没买是省了还是亏了  ? ? 加盐会计学院  加盐婷婷老师带你学会计  ??,0
转发微博 ,0
 3人伪造老干妈印章与腾讯签合同 不是大家幸灾乐祸 主要腾讯真的是抄袭发的家  包括qq本身都是模仿icq  飞车模仿跑跑 cf模仿cs 炫舞模仿劲舞团等等等 只不过加了十连抽 首充大礼包 各种挣钱活动罢了  这也算玩了半辈子鹰 让小麻雀啄了眼 ??,0
转发微博 ,0
转发微博 ,0
转发微博 ,0
来了 ,0
转发微博 ,0
也许是腾讯做了一个局，老干妈急中生智；也许是腾讯和老干妈一起做的局；也许是老干妈和当地警方做了一个局；也许是老干妈和当地政府 公安共同做了一个局通；也许更复杂；也许更简单；也许既更复杂又既更简单……谁知道呢？真相一经发生便不复存在，剩下的只是对于所谓“真相”的解释  ,0
哈喽？ ,0
转发微博 ,0
转发微博 ,0
没买多少的人会很亏吗 ,0
隔岸观火，没想着往自家烧来了[笑cry] ,0
反诉反诉，快反诉腾讯侵权使用你们老干妈品牌做游戏广告 老干妈风味食品[吃瓜][吃瓜][吃瓜] ,0
我…来当分母 ,0
  TesLA_422   王豖   我是烤鸭不是企鹅 姑且不谈冻结，毕竟原告有这个权利，但腾讯发现后居然连个道歉也没有，还不要脸的给自己营造傻白甜人设，这波操作更恶    ???  sunsun闪 打官司不通知人家，直接就判了 ,0
手已经没了 ,0
 Oikos官网微博  见龙在_田  开天者czm ,0
转发微博 ,0
[汗][汗][汗] DARK_MINOS ,0
 ( O ) 好带感  ,0
  本地化的小文 是败给了百度   我滴爸爸 哈哈哈，腾讯这次玩的笑死我了，打官司没输过的腾讯这败给老干妈了[允悲] ,1
[羞嗒嗒]  用户7472381350会飞的鱼 转发微博 ,0
一年一度大项目[doge] ,0
[太开 ]  用户7472381350会飞的鱼 转发微博 ,0
我0 ,0
我艹 ,0
  保持自闭_KKia   這裡是黄瓜   雪小焰   阿脫幸運F-   捂臉遁走  …我以为就2天  不能發芽的種子    菜葉子愛好者    九霄快樂小熊_糕 甜蜜糖  靠真他妈恶 ?  _0段岫0_  冻了两个多月？？腾讯真踏马缺德啊[吐]  吳邪手  老干妈的资产四月就冻结了，两个月了，这也就是老干妈血厚 ,0
哈哈哈哈哈哈哈哈哈哈哈哈哈哈鹅[允悲] ,0
转发微博 ,0
哈哈哈哈哈哈哈 ,0
万一呢 ,0
转发微博 ,0
转发微博 ,0
转发微博 http  t cn/A6GSjUIy ,0
转发微博 ,0
转发微博 ,0
转发 ,0
  小小彤彤彤 不对啊，QQ飞车和老干妈联的老干妈从哪生产出来的？  大连突发 腾讯那1000瓶跟骗子联名的老干妈，是不是三无假冒伪劣产品[费解] ,0
转发微博 ,0
[吃瓜][吃瓜][吃瓜] ,0
[月亮][惊奇队长][哈欠] ,0
[打call][打call] ,1
转发微博 ,0
转发微博 ,0
腾讯：？？？？？？？ ,0
原来不仅我会被骗，腾讯也会[笑cry] ,0
 3人伪造老干妈印章与腾讯签合同  其实我估计判清楚赔明白过后这俩还真的会来个联动[偷乐]，现在这热度可是鹅花多少钱都不一定买得来的[doge][ok]  我是阿册啊  割企鹅肉  仓酱_ 哈哈哈鹅你怎么还被骗了  浪里赤条小粗林 我他妈笑死哈哈哈哈鹅你也有今天 这新闻反转真是比洋葱新闻都可乐哈哈哈 ,0
害 ,0
转发微博 ,0
[熊猫]  用户7472381350会飞的鱼 转发微博 ,0
我参与了 新浪科技 发起的投票【3人伪造老干妈印章与腾讯签合同，你怎么看？】，我投给了“这个剧情走向令我震惊”这个选项，你也快来表态吧~ ,1
  ,0
转发微博 ,0
[doge]  用户7472381350会飞的鱼 转发微博 ,0
